TIPO_PROD_PROY,TIPO_ACT_OBRA_ACCINV,META,CANT_META_ANUAL,CANT_META_SEM,AVAN_FISICO_ANUAL,AVAN_FISICO_SEM,SEC_FUNC,CATEGORIA_GASTO,MTO_PIA
3.PRODUCTO,5.ACTIVIDAD,6,0,6,0,6,9,5.GASTOS CORRIENTES,0
3.PRODUCTO,5.ACTIVIDAD,20,0,6,0,6,23,5.GASTOS CORRIENTES,805
3.PRODUCTO,5.ACTIVIDAD,4,0,16,0,16,41,5.GASTOS CORRIENTES,0
3.PRODUCTO,5.ACTIVIDAD,1,0,6,0,6,4,5.GASTOS CORRIENTES,0
3.PRODUCTO,5.ACTIVIDAD,7,0,6,0,6,10,5.GASTOS CORRIENTES,8816
3.PRODUCTO,5.ACTIVIDAD,19,0,2,0,2,56,5.GASTOS CORRIENTES,1200
3.PRODUCTO,5.ACTIVIDAD,4,0,16,0,16,41,5.GASTOS CORRIENTES,1779
3.PRODUCTO,5.ACTIVIDAD,11,0,63,0,63,48,5.GASTOS CORRIENTES,31800
3.PRODUCTO,5.ACTIVIDAD,10,0,6,0,6,13,5.GASTOS CORRIENTES,3910
3.PRODUCTO,5.ACTIVIDAD,7,0,17,0,17,44,5.GASTOS CORRIENTES,45088
3.PRODUCTO,5.ACTIVIDAD,5,0,6,0,6,8,5.GASTOS CORRIENTES,160
3.PRODUCTO,5.ACTIVIDAD,6,0,36,0,36,43,5.GASTOS CORRIENTES,0
3.PRODUCTO,5.ACTIVIDAD,17,0,6,0,6,20,5.GASTOS CORRIENTES,2165
3.PRODUCTO,5.ACTIVIDAD,7,0,17,0,17,44,5.GASTOS CORRIENTES,0
3.PRODUCTO,5.ACTIVIDAD,8,0,32,0,32,45,5.GASTOS CORRIENTES,17771
3.PRODUCTO,5.ACTIVIDAD,7,0,17,0,17,44,5.GASTOS CORRIENTES,9441
3.PRODUCTO,5.ACTIVIDAD,16,0,6,0,6,19,5.GASTOS CORRIENTES,2300
3.PRODUCTO,5.ACTIVIDAD,23,0,61,0,61,60,5.GASTOS CORRIENTES,192697
3.PRODUCTO,5.ACTIVIDAD,15,0,10,0,10,52,5.GASTOS CORRIENTES,4200
3.PRODUCTO,5.ACTIVIDAD,22,0,12,0,12,59,5.GASTOS CORRIENTES,0
3.PRODUCTO,5.ACTIVIDAD,23,0,61,0,61,60,5.GASTOS CORRIENTES,418000
3.PRODUCTO,5.ACTIVIDAD,4,0,16,0,16,41,5.GASTOS CORRIENTES,6980
3.PRODUCTO,5.ACTIVIDAD,25,0,4,0,4,62,5.GASTOS CORRIENTES,855
3.PRODUCTO,5.ACTIVIDAD,3,0,6,0,6,6,5.GASTOS CORRIENTES,600
3.PRODUCTO,5.ACTIVIDAD,18,0,0,0,0,78,6.GASTOS DE CAPITAL,0
3.PRODUCTO,5.ACTIVIDAD,12,0,6,0,6,15,5.GASTOS CORRIENTES,30500
3.PRODUCTO,5.ACTIVIDAD,5,0,18,0,19,42,5.GASTOS CORRIENTES,0
3.PRODUCTO,5.ACTIVIDAD,7,0,17,0,17,44,5.GASTOS CORRIENTES,15580
3.PRODUCTO,5.ACTIVIDAD,1,0,0,0,0,29,6.GASTOS DE CAPITAL,156811
3.PRODUCTO,5.ACTIVIDAD,12,0,51,0,51,49,5.GASTOS CORRIENTES,115294
3.PRODUCTO,5.ACTIVIDAD,13,0,6,0,6,16,5.GASTOS CORRIENTES,121346
3.PRODUCTO,5.ACTIVIDAD,16,0,1,0,1,53,5.GASTOS CORRIENTES,0
3.PRODUCTO,5.ACTIVIDAD,14,0,26,0,26,51,5.GASTOS CORRIENTES,0
3.PRODUCTO,5.ACTIVIDAD,20,0,2,0,2,57,5.GASTOS CORRIENTES,145
3.PRODUCTO,5.ACTIVIDAD,22,0,6,0,6,25,5.GASTOS CORRIENTES,1800
3.PRODUCTO,5.ACTIVIDAD,12,0,6,0,6,15,5.GASTOS CORRIENTES,11039
3.PRODUCTO,5.ACTIVIDAD,7,0,17,0,17,44,5.GASTOS CORRIENTES,3240
3.PRODUCTO,5.ACTIVIDAD,4,0,16,0,16,41,5.GASTOS CORRIENTES,16213
3.PRODUCTO,5.ACTIVIDAD,27,0,6,0,6,64,5.GASTOS CORRIENTES,0
3.PRODUCTO,5.ACTIVIDAD,23,0,61,0,61,60,5.GASTOS CORRIENTES,233
3.PRODUCTO,5.ACTIVIDAD,22,0,12,0,12,59,5.GASTOS CORRIENTES,7249
3.PRODUCTO,5.ACTIVIDAD,19,0,2,0,2,56,5.GASTOS CORRIENTES,4666
3.PRODUCTO,5.ACTIVIDAD,21,0,6,0,6,24,5.GASTOS CORRIENTES,0
3.PRODUCTO,5.ACTIVIDAD,1,0,6,0,6,4,5.GASTOS CORRIENTES,875
3.PRODUCTO,5.ACTIVIDAD,20,0,6,0,6,23,5.GASTOS CORRIENTES,24000
3.PRODUCTO,5.ACTIVIDAD,19,0,2,0,2,56,5.GASTOS CORRIENTES,1140
3.PRODUCTO,5.ACTIVIDAD,26,0,6,0,6,63,5.GASTOS CORRIENTES,553
3.PRODUCTO,5.ACTIVIDAD,13,0,41,0,41,50,5.GASTOS CORRIENTES,0
3.PRODUCTO,5.ACTIVIDAD,10,0,20,0,20,47,5.GASTOS CORRIENTES,191
3.PRODUCTO,5.ACTIVIDAD,10,0,6,0,6,13,5.GASTOS CORRIENTES,3990
3.PRODUCTO,5.ACTIVIDAD,17,0,6,0,6,20,5.GASTOS CORRIENTES,4178
3.PRODUCTO,5.ACTIVIDAD,1,0,6,0,6,4,5.GASTOS CORRIENTES,1178750
3.PRODUCTO,5.ACTIVIDAD,1,0,6,0,6,4,5.GASTOS CORRIENTES,11671
3.PRODUCTO,5.ACTIVIDAD,1,0,6,0,6,4,5.GASTOS CORRIENTES,7659
3.PRODUCTO,5.ACTIVIDAD,26,0,6,0,6,63,5.GASTOS CORRIENTES,0
3.PRODUCTO,5.ACTIVIDAD,9,0,19,0,19,46,5.GASTOS CORRIENTES,813
3.PRODUCTO,5.ACTIVIDAD,16,0,1,0,1,53,5.GASTOS CORRIENTES,68
3.PRODUCTO,5.ACTIVIDAD,23,0,61,0,61,60,5.GASTOS CORRIENTES,55437
3.PRODUCTO,5.ACTIVIDAD,11,0,63,0,63,48,5.GASTOS CORRIENTES,97611
3.PRODUCTO,5.ACTIVIDAD,24,0,4,0,4,61,5.GASTOS CORRIENTES,2221
3.PRODUCTO,5.ACTIVIDAD,10,0,6,0,6,13,5.GASTOS CORRIENTES,0
3.PRODUCTO,5.ACTIVIDAD,26,0,6,0,6,63,5.GASTOS CORRIENTES,9010
3.PRODUCTO,5.ACTIVIDAD,15,0,6,0,6,18,5.GASTOS CORRIENTES,920
3.PRODUCTO,5.ACTIVIDAD,18,0,38,0,40,55,5.GASTOS CORRIENTES,346379
3.PRODUCTO,5.ACTIVIDAD,19,0,6,0,6,22,5.GASTOS CORRIENTES,22998
3.PRODUCTO,5.ACTIVIDAD,13,0,6,0,6,16,5.GASTOS CORRIENTES,16252
3.PRODUCTO,5.ACTIVIDAD,19,0,6,0,6,22,5.GASTOS CORRIENTES,4600
3.PRODUCTO,5.ACTIVIDAD,8,0,6,0,6,11,5.GASTOS CORRIENTES,1702
3.PRODUCTO,5.ACTIVIDAD,25,0,4,0,4,62,5.GASTOS CORRIENTES,6999
3.PRODUCTO,5.ACTIVIDAD,9,0,6,0,6,12,5.GASTOS CORRIENTES,200
3.PRODUCTO,5.ACTIVIDAD,24,0,4,0,4,61,5.GASTOS CORRIENTES,0
3.PRODUCTO,5.ACTIVIDAD,11,0,6,0,6,14,5.GASTOS CORRIENTES,2768
3.PRODUCTO,5.ACTIVIDAD,3,0,0,0,0,40,5.GASTOS CORRIENTES,0
3.PRODUCTO,5.ACTIVIDAD,3,0,6,0,6,6,5.GASTOS CORRIENTES,460
3.PRODUCTO,5.ACTIVIDAD,20,0,6,0,6,23,5.GASTOS CORRIENTES,2333
3.PRODUCTO,5.ACTIVIDAD,7,0,6,0,6,10,5.GASTOS CORRIENTES,0
3.PRODUCTO,5.ACTIVIDAD,13,0,6,0,6,16,5.GASTOS CORRIENTES,51
3.PRODUCTO,5.ACTIVIDAD,18,0,6,0,6,21,5.GASTOS CORRIENTES,46763
3.PRODUCTO,5.ACTIVIDAD,15,0,10,0,10,52,5.GASTOS CORRIENTES,251106
3.PRODUCTO,5.ACTIVIDAD,21,0,9,0,9,58,5.GASTOS CORRIENTES,0
3.PRODUCTO,5.ACTIVIDAD,13,0,6,0,6,16,5.GASTOS CORRIENTES,74514
3.PRODUCTO,5.ACTIVIDAD,5,0,18,0,19,42,5.GASTOS CORRIENTES,14050
3.PRODUCTO,5.ACTIVIDAD,4,0,16,0,16,41,5.GASTOS CORRIENTES,40047
3.PRODUCTO,5.ACTIVIDAD,19,0,6,0,6,22,5.GASTOS CORRIENTES,718
3.PRODUCTO,5.ACTIVIDAD,17,0,6,0,6,20,5.GASTOS CORRIENTES,1713
3.PRODUCTO,5.ACTIVIDAD,13,0,6,0,6,16,5.GASTOS CORRIENTES,0
3.PRODUCTO,5.ACTIVIDAD,25,0,4,0,4,62,5.GASTOS CORRIENTES,1302
3.PRODUCTO,5.ACTIVIDAD,9,0,6,0,6,12,5.GASTOS CORRIENTES,600
3.PRODUCTO,5.ACTIVIDAD,11,0,63,0,63,48,5.GASTOS CORRIENTES,12302
3.PRODUCTO,5.ACTIVIDAD,20,0,6,0,6,23,5.GASTOS CORRIENTES,976
3.PRODUCTO,5.ACTIVIDAD,14,0,6,0,6,17,5.GASTOS CORRIENTES,112230
3.PRODUCTO,5.ACTIVIDAD,4,0,16,0,16,41,5.GASTOS CORRIENTES,124583
3.PRODUCTO,5.ACTIVIDAD,14,0,26,0,26,51,5.GASTOS CORRIENTES,0
3.PRODUCTO,5.ACTIVIDAD,4,0,6,0,6,7,5.GASTOS CORRIENTES,4666
3.PRODUCTO,5.ACTIVIDAD,9,0,19,0,19,46,5.GASTOS CORRIENTES,0
3.PRODUCTO,5.ACTIVIDAD,7,0,6,0,6,10,5.GASTOS CORRIENTES,0
3.PRODUCTO,5.ACTIVIDAD,7,0,17,0,17,44,5.GASTOS CORRIENTES,6461
3.PRODUCTO,5.ACTIVIDAD,12,0,0,0,0,67,6.GASTOS DE CAPITAL,0
3.PRODUCTO,5.ACTIVIDAD,25,0,4,0,4,62,5.GASTOS CORRIENTES,9608
3.PRODUCTO,5.ACTIVIDAD,10,0,20,0,20,47,5.GASTOS CORRIENTES,2345
3.PRODUCTO,5.ACTIVIDAD,7,0,6,0,6,10,5.GASTOS CORRIENTES,0
3.PRODUCTO,5.ACTIVIDAD,2,0,6,0,6,5,5.GASTOS CORRIENTES,1100
3.PRODUCTO,5.ACTIVIDAD,6,0,6,0,6,9,5.GASTOS CORRIENTES,80033
3.PRODUCTO,5.ACTIVIDAD,13,0,41,0,41,50,5.GASTOS CORRIENTES,156000
3.PRODUCTO,5.ACTIVIDAD,22,0,6,0,6,25,5.GASTOS CORRIENTES,0
3.PRODUCTO,5.ACTIVIDAD,11,0,63,0,63,48,5.GASTOS CORRIENTES,1944000
3.PRODUCTO,5.ACTIVIDAD,16,0,6,0,6,19,5.GASTOS CORRIENTES,33600
3.PRODUCTO,5.ACTIVIDAD,22,0,12,0,12,59,5.GASTOS CORRIENTES,0
3.PRODUCTO,5.ACTIVIDAD,1,0,6,0,6,28,5.GASTOS CORRIENTES,900
3.PRODUCTO,5.ACTIVIDAD,3,0,6,0,6,6,5.GASTOS CORRIENTES,153
3.PRODUCTO,5.ACTIVIDAD,27,0,6,0,6,64,5.GASTOS CORRIENTES,13200
3.PRODUCTO,5.ACTIVIDAD,3,0,6,0,6,6,5.GASTOS CORRIENTES,1725
3.PRODUCTO,5.ACTIVIDAD,8,0,32,0,32,45,5.GASTOS CORRIENTES,0
3.PRODUCTO,5.ACTIVIDAD,8,0,6,0,6,11,5.GASTOS CORRIENTES,1719
3.PRODUCTO,5.ACTIVIDAD,20,0,2,0,2,57,5.GASTOS CORRIENTES,82
3.PRODUCTO,5.ACTIVIDAD,23,0,61,0,61,60,5.GASTOS CORRIENTES,0
3.PRODUCTO,5.ACTIVIDAD,22,0,12,0,12,59,5.GASTOS CORRIENTES,4800
3.PRODUCTO,5.ACTIVIDAD,11,0,6,0,6,14,5.GASTOS CORRIENTES,552
3.PRODUCTO,5.ACTIVIDAD,1,0,6,0,6,4,5.GASTOS CORRIENTES,170000
3.PRODUCTO,5.ACTIVIDAD,16,0,1,0,1,53,5.GASTOS CORRIENTES,3000
3.PRODUCTO,5.ACTIVIDAD,1,0,6,0,6,4,5.GASTOS CORRIENTES,0
3.PRODUCTO,5.ACTIVIDAD,18,0,38,0,40,55,5.GASTOS CORRIENTES,19992
3.PRODUCTO,5.ACTIVIDAD,10,0,6,0,6,13,5.GASTOS CORRIENTES,6669
3.PRODUCTO,5.ACTIVIDAD,2,0,6,0,6,5,5.GASTOS CORRIENTES,1073
3.PRODUCTO,5.ACTIVIDAD,17,0,1,0,1,54,5.GASTOS CORRIENTES,945
3.PRODUCTO,5.ACTIVIDAD,3,0,0,0,0,40,5.GASTOS CORRIENTES,172782
3.PRODUCTO,5.ACTIVIDAD,25,0,4,0,4,62,5.GASTOS CORRIENTES,2221
3.PRODUCTO,5.ACTIVIDAD,1,0,40890,0,61303,38,5.GASTOS CORRIENTES,0
3.PRODUCTO,5.ACTIVIDAD,13,0,41,0,41,50,5.GASTOS CORRIENTES,61826
3.PRODUCTO,5.ACTIVIDAD,1,0,6,0,6,3,5.GASTOS CORRIENTES,0
3.PRODUCTO,5.ACTIVIDAD,10,0,20,0,20,47,5.GASTOS CORRIENTES,30988
3.PRODUCTO,5.ACTIVIDAD,26,0,6,0,6,63,5.GASTOS CORRIENTES,3332
3.PRODUCTO,5.ACTIVIDAD,16,0,1,0,1,53,5.GASTOS CORRIENTES,1829
3.PRODUCTO,5.ACTIVIDAD,6,0,6,0,6,9,5.GASTOS CORRIENTES,1917
3.PRODUCTO,5.ACTIVIDAD,21,0,9,0,9,58,5.GASTOS CORRIENTES,324000
3.PRODUCTO,5.ACTIVIDAD,17,0,6,0,6,20,5.GASTOS CORRIENTES,0
3.PRODUCTO,5.ACTIVIDAD,17,0,1,0,1,54,5.GASTOS CORRIENTES,0
3.PRODUCTO,5.ACTIVIDAD,1,0,6,0,6,27,5.GASTOS CORRIENTES,700
3.PRODUCTO,5.ACTIVIDAD,12,0,51,0,51,49,5.GASTOS CORRIENTES,28829
3.PRODUCTO,5.ACTIVIDAD,10,0,0,0,0,65,6.GASTOS DE CAPITAL,0
3.PRODUCTO,5.ACTIVIDAD,14,0,6,0,6,17,5.GASTOS CORRIENTES,2253
3.PRODUCTO,5.ACTIVIDAD,13,0,41,0,41,50,5.GASTOS CORRIENTES,84192
3.PRODUCTO,5.ACTIVIDAD,23,0,61,0,61,60,5.GASTOS CORRIENTES,33875
3.PRODUCTO,5.ACTIVIDAD,6,0,36,0,36,43,5.GASTOS CORRIENTES,1971
3.PRODUCTO,5.ACTIVIDAD,20,0,2,0,2,57,5.GASTOS CORRIENTES,0
3.PRODUCTO,5.ACTIVIDAD,11,0,63,0,63,48,5.GASTOS CORRIENTES,41248
3.PRODUCTO,5.ACTIVIDAD,15,0,6,0,6,18,5.GASTOS CORRIENTES,129
3.PRODUCTO,5.ACTIVIDAD,18,0,38,0,40,55,5.GASTOS CORRIENTES,55778
3.PRODUCTO,5.ACTIVIDAD,10,0,6,0,6,13,5.GASTOS CORRIENTES,184905
3.PRODUCTO,5.ACTIVIDAD,5,0,18,0,19,42,5.GASTOS CORRIENTES,0
3.PRODUCTO,5.ACTIVIDAD,15,0,6,0,6,18,5.GASTOS CORRIENTES,25329
3.PRODUCTO,5.ACTIVIDAD,9,0,19,0,19,46,5.GASTOS CORRIENTES,5987
3.PRODUCTO,5.ACTIVIDAD,19,0,2,0,2,56,5.GASTOS CORRIENTES,0
3.PRODUCTO,5.ACTIVIDAD,23,0,6,0,6,26,5.GASTOS CORRIENTES,44171
3.PRODUCTO,5.ACTIVIDAD,10,0,20,0,20,47,5.GASTOS CORRIENTES,20440
3.PRODUCTO,5.ACTIVIDAD,5,0,18,0,19,42,5.GASTOS CORRIENTES,2155
3.PRODUCTO,5.ACTIVIDAD,12,0,6,0,6,15,5.GASTOS CORRIENTES,361
3.PRODUCTO,5.ACTIVIDAD,17,0,6,0,6,20,5.GASTOS CORRIENTES,6452
3.PRODUCTO,5.ACTIVIDAD,6,0,6,0,6,9,5.GASTOS CORRIENTES,767
3.PRODUCTO,5.ACTIVIDAD,20,0,2,0,2,57,5.GASTOS CORRIENTES,1111
3.PRODUCTO,5.ACTIVIDAD,13,0,41,0,41,50,5.GASTOS CORRIENTES,1008457
3.PRODUCTO,5.ACTIVIDAD,12,0,6,0,6,15,5.GASTOS CORRIENTES,1533
3.PRODUCTO,5.ACTIVIDAD,8,0,32,0,32,45,5.GASTOS CORRIENTES,0
3.PRODUCTO,5.ACTIVIDAD,14,0,26,0,26,51,5.GASTOS CORRIENTES,14439
3.PRODUCTO,5.ACTIVIDAD,18,0,6,0,6,21,5.GASTOS CORRIENTES,35300
3.PRODUCTO,5.ACTIVIDAD,24,0,4,0,4,61,5.GASTOS CORRIENTES,1448
3.PRODUCTO,5.ACTIVIDAD,20,0,6,0,6,23,5.GASTOS CORRIENTES,121346
3.PRODUCTO,5.ACTIVIDAD,23,0,61,0,61,60,5.GASTOS CORRIENTES,50788
3.PRODUCTO,5.ACTIVIDAD,12,0,51,0,51,49,5.GASTOS CORRIENTES,0
3.PRODUCTO,5.ACTIVIDAD,14,0,0,0,0,17,5.GASTOS CORRIENTES,0
3.PRODUCTO,5.ACTIVIDAD,1,0,0,0,0,27,5.GASTOS CORRIENTES,0
3.PRODUCTO,5.ACTIVIDAD,21,0,0,0,0,24,5.GASTOS CORRIENTES,200
3.PRODUCTO,5.ACTIVIDAD,20,0,0,0,0,23,5.GASTOS CORRIENTES,161
3.PRODUCTO,5.ACTIVIDAD,13,0,0,0,0,16,5.GASTOS CORRIENTES,78
3.PRODUCTO,5.ACTIVIDAD,10,0,0,0,0,13,5.GASTOS CORRIENTES,2683
3.PRODUCTO,5.ACTIVIDAD,5,0,0,0,0,8,5.GASTOS CORRIENTES,1917
3.PRODUCTO,5.ACTIVIDAD,6,0,0,0,0,9,5.GASTOS CORRIENTES,1496
3.PRODUCTO,5.ACTIVIDAD,25,0,0,0,0,62,5.GASTOS CORRIENTES,6424
3.PRODUCTO,5.ACTIVIDAD,26,0,0,0,0,63,5.GASTOS CORRIENTES,3847
3.PRODUCTO,5.ACTIVIDAD,15,0,0,0,0,52,5.GASTOS CORRIENTES,50
3.PRODUCTO,5.ACTIVIDAD,14,0,0,0,0,51,5.GASTOS CORRIENTES,531
3.PRODUCTO,5.ACTIVIDAD,7,0,0,0,0,44,5.GASTOS CORRIENTES,1082
3.PRODUCTO,5.ACTIVIDAD,15,0,0,0,0,52,5.GASTOS CORRIENTES,5700
3.PRODUCTO,5.ACTIVIDAD,13,0,0,0,0,50,5.GASTOS CORRIENTES,4995
3.PRODUCTO,5.ACTIVIDAD,10,0,0,0,0,47,5.GASTOS CORRIENTES,3022
3.PRODUCTO,5.ACTIVIDAD,10,0,0,0,0,47,5.GASTOS CORRIENTES,269
3.PRODUCTO,5.ACTIVIDAD,5,0,0,0,0,42,5.GASTOS CORRIENTES,13715
3.PRODUCTO,5.ACTIVIDAD,20,0,0,0,0,23,5.GASTOS CORRIENTES,2568
3.PRODUCTO,5.ACTIVIDAD,26,0,0,0,0,63,5.GASTOS CORRIENTES,5794
3.PRODUCTO,5.ACTIVIDAD,7,0,0,0,0,44,5.GASTOS CORRIENTES,7380
3.PRODUCTO,5.ACTIVIDAD,9,0,0,0,0,46,5.GASTOS CORRIENTES,13259
3.PRODUCTO,5.ACTIVIDAD,8,0,0,0,0,45,5.GASTOS CORRIENTES,34303
3.PRODUCTO,5.ACTIVIDAD,8,0,0,0,0,45,5.GASTOS CORRIENTES,18291
3.PRODUCTO,5.ACTIVIDAD,24,0,0,0,0,61,5.GASTOS CORRIENTES,604
3.PRODUCTO,5.ACTIVIDAD,17,0,1,0,1,54,5.GASTOS CORRIENTES,0
3.PRODUCTO,5.ACTIVIDAD,16,0,1,0,1,53,5.GASTOS CORRIENTES,179
3.PRODUCTO,5.ACTIVIDAD,20,0,6,0,6,23,5.GASTOS CORRIENTES,1798
3.PRODUCTO,5.ACTIVIDAD,7,0,6,0,6,10,5.GASTOS CORRIENTES,575
3.PRODUCTO,5.ACTIVIDAD,6,0,6,0,6,9,5.GASTOS CORRIENTES,230
3.PRODUCTO,5.ACTIVIDAD,10,0,20,0,20,47,5.GASTOS CORRIENTES,39495
3.PRODUCTO,5.ACTIVIDAD,21,0,9,0,9,58,5.GASTOS CORRIENTES,0
3.PRODUCTO,5.ACTIVIDAD,1,0,6,0,6,28,5.GASTOS CORRIENTES,4200
3.PRODUCTO,5.ACTIVIDAD,24,0,4,0,4,61,5.GASTOS CORRIENTES,720
3.PRODUCTO,5.ACTIVIDAD,17,0,1,0,1,54,5.GASTOS CORRIENTES,4000
3.PRODUCTO,5.ACTIVIDAD,1,0,6,0,6,27,5.GASTOS CORRIENTES,0
3.PRODUCTO,5.ACTIVIDAD,4,0,16,0,16,41,5.GASTOS CORRIENTES,1260
3.PRODUCTO,5.ACTIVIDAD,18,0,6,0,6,21,5.GASTOS CORRIENTES,1012
3.PRODUCTO,5.ACTIVIDAD,16,0,1,0,1,53,5.GASTOS CORRIENTES,4320
3.PRODUCTO,5.ACTIVIDAD,14,0,6,0,6,17,5.GASTOS CORRIENTES,3887
3.PRODUCTO,5.ACTIVIDAD,5,0,6,0,6,8,5.GASTOS CORRIENTES,0
3.PRODUCTO,5.ACTIVIDAD,1,0,6,0,6,2,5.GASTOS CORRIENTES,0
3.PRODUCTO,5.ACTIVIDAD,5,0,6,0,6,8,5.GASTOS CORRIENTES,600
3.PRODUCTO,5.ACTIVIDAD,1,0,6,0,6,4,5.GASTOS CORRIENTES,1444
3.PRODUCTO,5.ACTIVIDAD,25,0,4,0,4,62,5.GASTOS CORRIENTES,0
3.PRODUCTO,5.ACTIVIDAD,22,0,6,0,6,25,5.GASTOS CORRIENTES,16806
3.PRODUCTO,5.ACTIVIDAD,9,0,19,0,19,46,5.GASTOS CORRIENTES,10551
3.PRODUCTO,5.ACTIVIDAD,11,0,6,0,6,14,5.GASTOS CORRIENTES,108000
3.PRODUCTO,5.ACTIVIDAD,1,0,11500,0,12429,1,5.GASTOS CORRIENTES,15000
3.PRODUCTO,5.ACTIVIDAD,23,0,6,0,6,26,5.GASTOS CORRIENTES,3600
3.PRODUCTO,5.ACTIVIDAD,15,0,10,0,10,52,5.GASTOS CORRIENTES,0
3.PRODUCTO,5.ACTIVIDAD,7,0,6,0,6,10,5.GASTOS CORRIENTES,80033
3.PRODUCTO,5.ACTIVIDAD,3,0,6,0,6,6,5.GASTOS CORRIENTES,732
3.PRODUCTO,5.ACTIVIDAD,1,0,6,0,6,4,5.GASTOS CORRIENTES,350000
3.PRODUCTO,5.ACTIVIDAD,20,0,2,0,2,57,5.GASTOS CORRIENTES,3099
3.PRODUCTO,5.ACTIVIDAD,20,0,6,0,6,23,5.GASTOS CORRIENTES,0
3.PRODUCTO,5.ACTIVIDAD,8,0,32,0,32,45,5.GASTOS CORRIENTES,24022
3.PRODUCTO,5.ACTIVIDAD,9,0,19,0,19,46,5.GASTOS CORRIENTES,40553
3.PRODUCTO,5.ACTIVIDAD,12,0,51,0,51,49,5.GASTOS CORRIENTES,5148
3.PRODUCTO,5.ACTIVIDAD,15,0,10,0,10,52,5.GASTOS CORRIENTES,4036
3.PRODUCTO,5.ACTIVIDAD,14,0,26,0,26,51,5.GASTOS CORRIENTES,15398
3.PRODUCTO,5.ACTIVIDAD,17,0,6,0,6,20,5.GASTOS CORRIENTES,1985
3.PRODUCTO,5.ACTIVIDAD,14,0,26,0,26,51,5.GASTOS CORRIENTES,18848
3.PRODUCTO,5.ACTIVIDAD,2,0,6,0,6,5,5.GASTOS CORRIENTES,600
3.PRODUCTO,5.ACTIVIDAD,11,0,63,0,63,48,5.GASTOS CORRIENTES,15669
3.PRODUCTO,5.ACTIVIDAD,23,0,6,0,6,26,5.GASTOS CORRIENTES,474000
3.PRODUCTO,5.ACTIVIDAD,20,0,2,0,2,57,5.GASTOS CORRIENTES,3194
3.PRODUCTO,5.ACTIVIDAD,13,0,41,0,41,50,5.GASTOS CORRIENTES,0
3.PRODUCTO,5.ACTIVIDAD,15,0,10,0,10,52,5.GASTOS CORRIENTES,6109
3.PRODUCTO,5.ACTIVIDAD,10,0,20,0,20,47,5.GASTOS CORRIENTES,44048
3.PRODUCTO,5.ACTIVIDAD,16,0,6,0,6,19,5.GASTOS CORRIENTES,550
3.PRODUCTO,5.ACTIVIDAD,1,0,6,0,6,2,5.GASTOS CORRIENTES,714000
3.PRODUCTO,5.ACTIVIDAD,11,0,6,0,6,14,5.GASTOS CORRIENTES,27184
3.PRODUCTO,5.ACTIVIDAD,23,0,61,0,61,60,5.GASTOS CORRIENTES,0
3.PRODUCTO,5.ACTIVIDAD,5,0,18,0,19,42,5.GASTOS CORRIENTES,51953
3.PRODUCTO,5.ACTIVIDAD,1,0,40890,0,61303,38,5.GASTOS CORRIENTES,0
3.PRODUCTO,5.ACTIVIDAD,25,0,4,0,4,62,5.GASTOS CORRIENTES,1800
3.PRODUCTO,5.ACTIVIDAD,8,0,32,0,32,45,5.GASTOS CORRIENTES,1116000
3.PRODUCTO,5.ACTIVIDAD,14,0,6,0,6,17,5.GASTOS CORRIENTES,1380
3.PRODUCTO,5.ACTIVIDAD,9,0,6,0,6,12,5.GASTOS CORRIENTES,36480
3.PRODUCTO,5.ACTIVIDAD,2,0,6,0,6,5,5.GASTOS CORRIENTES,16099
3.PRODUCTO,5.ACTIVIDAD,4,0,6,0,6,7,5.GASTOS CORRIENTES,1840
3.PRODUCTO,5.ACTIVIDAD,22,0,6,0,6,25,5.GASTOS CORRIENTES,0
3.PRODUCTO,5.ACTIVIDAD,11,0,6,0,6,14,5.GASTOS CORRIENTES,333
3.PRODUCTO,5.ACTIVIDAD,6,0,6,0,6,9,5.GASTOS CORRIENTES,997
3.PRODUCTO,5.ACTIVIDAD,10,0,6,0,6,13,5.GASTOS CORRIENTES,1100
3.PRODUCTO,5.ACTIVIDAD,15,0,10,0,10,52,5.GASTOS CORRIENTES,6388
3.PRODUCTO,5.ACTIVIDAD,5,0,18,0,19,42,5.GASTOS CORRIENTES,29439
3.PRODUCTO,5.ACTIVIDAD,7,0,6,0,6,10,5.GASTOS CORRIENTES,133
3.PRODUCTO,5.ACTIVIDAD,6,0,36,0,36,43,5.GASTOS CORRIENTES,28372
3.PRODUCTO,5.ACTIVIDAD,14,0,26,0,26,51,5.GASTOS CORRIENTES,14321
3.PRODUCTO,5.ACTIVIDAD,4,0,16,0,16,41,6.GASTOS DE CAPITAL,0
3.PRODUCTO,5.ACTIVIDAD,26,0,6,0,6,63,5.GASTOS CORRIENTES,0
3.PRODUCTO,5.ACTIVIDAD,15,0,10,0,10,52,5.GASTOS CORRIENTES,4403
3.PRODUCTO,5.ACTIVIDAD,8,0,6,0,6,11,5.GASTOS CORRIENTES,1840
3.PRODUCTO,5.ACTIVIDAD,1,0,6,0,6,28,5.GASTOS CORRIENTES,16331
3.PRODUCTO,5.ACTIVIDAD,25,0,4,0,4,62,5.GASTOS CORRIENTES,16221
3.PRODUCTO,5.ACTIVIDAD,17,0,6,0,6,20,5.GASTOS CORRIENTES,11112
3.PRODUCTO,5.ACTIVIDAD,1,0,6,0,6,4,5.GASTOS CORRIENTES,0
3.PRODUCTO,5.ACTIVIDAD,14,0,26,0,26,51,5.GASTOS CORRIENTES,8640
3.PRODUCTO,5.ACTIVIDAD,21,0,9,0,9,58,5.GASTOS CORRIENTES,17383
3.PRODUCTO,5.ACTIVIDAD,4,0,6,0,6,7,5.GASTOS CORRIENTES,0
3.PRODUCTO,5.ACTIVIDAD,7,0,17,0,17,44,5.GASTOS CORRIENTES,16178
3.PRODUCTO,5.ACTIVIDAD,1,0,40890,0,61303,38,5.GASTOS CORRIENTES,12215
3.PRODUCTO,5.ACTIVIDAD,10,0,20,0,20,47,5.GASTOS CORRIENTES,17699
3.PRODUCTO,5.ACTIVIDAD,6,0,6,0,6,9,5.GASTOS CORRIENTES,698
3.PRODUCTO,5.ACTIVIDAD,1,0,40890,0,61303,38,5.GASTOS CORRIENTES,158490
3.PRODUCTO,5.ACTIVIDAD,19,0,2,0,2,56,5.GASTOS CORRIENTES,3099
3.PRODUCTO,5.ACTIVIDAD,4,0,16,0,16,41,5.GASTOS CORRIENTES,28655
3.PRODUCTO,5.ACTIVIDAD,4,0,6,0,6,7,5.GASTOS CORRIENTES,4300
3.PRODUCTO,5.ACTIVIDAD,5,0,18,0,19,42,5.GASTOS CORRIENTES,3251
3.PRODUCTO,5.ACTIVIDAD,1,0,6,0,6,2,5.GASTOS CORRIENTES,4201
3.PRODUCTO,5.ACTIVIDAD,16,0,1,0,1,53,5.GASTOS CORRIENTES,0
3.PRODUCTO,5.ACTIVIDAD,12,0,51,0,51,49,5.GASTOS CORRIENTES,36970
3.PRODUCTO,5.ACTIVIDAD,7,0,6,0,6,10,5.GASTOS CORRIENTES,21600
3.PRODUCTO,5.ACTIVIDAD,16,0,6,0,6,19,5.GASTOS CORRIENTES,3642
3.PRODUCTO,5.ACTIVIDAD,21,0,9,0,9,58,5.GASTOS CORRIENTES,1478
3.PRODUCTO,5.ACTIVIDAD,1,0,6,0,6,2,5.GASTOS CORRIENTES,0
3.PRODUCTO,5.ACTIVIDAD,10,0,20,0,20,47,5.GASTOS CORRIENTES,118604
3.PRODUCTO,5.ACTIVIDAD,16,0,1,0,1,53,5.GASTOS CORRIENTES,10145
3.PRODUCTO,5.ACTIVIDAD,5,0,6,0,6,8,5.GASTOS CORRIENTES,34800
3.PRODUCTO,5.ACTIVIDAD,23,0,61,0,61,60,5.GASTOS CORRIENTES,1803
3.PRODUCTO,5.ACTIVIDAD,16,0,6,0,6,19,5.GASTOS CORRIENTES,1159
3.PRODUCTO,5.ACTIVIDAD,10,0,6,0,6,13,5.GASTOS CORRIENTES,1708
3.PRODUCTO,5.ACTIVIDAD,16,0,6,0,6,19,5.GASTOS CORRIENTES,108000
3.PRODUCTO,5.ACTIVIDAD,21,0,9,0,9,58,5.GASTOS CORRIENTES,151269
3.PRODUCTO,5.ACTIVIDAD,20,0,2,0,2,57,5.GASTOS CORRIENTES,101910
3.PRODUCTO,5.ACTIVIDAD,15,0,10,0,10,52,5.GASTOS CORRIENTES,0
3.PRODUCTO,5.ACTIVIDAD,20,0,6,0,6,23,5.GASTOS CORRIENTES,50
3.PRODUCTO,5.ACTIVIDAD,2,0,6,0,6,5,5.GASTOS CORRIENTES,200
3.PRODUCTO,5.ACTIVIDAD,16,0,1,0,1,53,5.GASTOS CORRIENTES,0
3.PRODUCTO,5.ACTIVIDAD,8,0,32,0,32,45,5.GASTOS CORRIENTES,72323
3.PRODUCTO,5.ACTIVIDAD,1,0,6,0,6,4,5.GASTOS CORRIENTES,36925
3.PRODUCTO,5.ACTIVIDAD,12,0,51,0,51,49,5.GASTOS CORRIENTES,55405
3.PRODUCTO,5.ACTIVIDAD,9,0,6,0,6,12,5.GASTOS CORRIENTES,108000
3.PRODUCTO,5.ACTIVIDAD,13,0,41,0,41,50,5.GASTOS CORRIENTES,205
3.PRODUCTO,5.ACTIVIDAD,8,0,32,0,32,45,5.GASTOS CORRIENTES,0
3.PRODUCTO,5.ACTIVIDAD,18,0,38,0,40,55,5.GASTOS CORRIENTES,71457
3.PRODUCTO,5.ACTIVIDAD,21,0,9,0,9,58,5.GASTOS CORRIENTES,24669
3.PRODUCTO,5.ACTIVIDAD,11,0,6,0,6,14,5.GASTOS CORRIENTES,4600
3.PRODUCTO,5.ACTIVIDAD,14,0,6,0,6,17,5.GASTOS CORRIENTES,2400
3.PRODUCTO,5.ACTIVIDAD,17,0,6,0,6,20,5.GASTOS CORRIENTES,0
3.PRODUCTO,5.ACTIVIDAD,11,0,6,0,6,14,5.GASTOS CORRIENTES,600
3.PRODUCTO,5.ACTIVIDAD,6,0,6,0,6,9,5.GASTOS CORRIENTES,0
3.PRODUCTO,5.ACTIVIDAD,6,0,36,0,36,43,5.GASTOS CORRIENTES,6159
3.PRODUCTO,5.ACTIVIDAD,14,0,26,0,26,51,5.GASTOS CORRIENTES,22676
3.PRODUCTO,5.ACTIVIDAD,16,0,1,0,1,53,5.GASTOS CORRIENTES,0
3.PRODUCTO,5.ACTIVIDAD,19,0,6,0,6,22,5.GASTOS CORRIENTES,0
3.PRODUCTO,5.ACTIVIDAD,20,0,6,0,6,23,5.GASTOS CORRIENTES,0
3.PRODUCTO,5.ACTIVIDAD,6,0,6,0,6,9,5.GASTOS CORRIENTES,2216
3.PRODUCTO,5.ACTIVIDAD,21,0,6,0,6,24,5.GASTOS CORRIENTES,168
3.PRODUCTO,5.ACTIVIDAD,14,0,6,0,6,17,5.GASTOS CORRIENTES,121346
3.PRODUCTO,5.ACTIVIDAD,26,0,6,0,6,63,6.GASTOS DE CAPITAL,0
3.PRODUCTO,5.ACTIVIDAD,20,0,6,0,6,23,5.GASTOS CORRIENTES,613
3.PRODUCTO,5.ACTIVIDAD,26,0,6,0,6,63,5.GASTOS CORRIENTES,1200
3.PRODUCTO,5.ACTIVIDAD,8,0,32,0,32,45,5.GASTOS CORRIENTES,4388
3.PRODUCTO,5.ACTIVIDAD,19,0,2,0,2,56,5.GASTOS CORRIENTES,180
3.PRODUCTO,5.ACTIVIDAD,5,0,6,0,6,8,5.GASTOS CORRIENTES,0
3.PRODUCTO,5.ACTIVIDAD,25,0,4,0,4,62,5.GASTOS CORRIENTES,6198
3.PRODUCTO,5.ACTIVIDAD,20,0,2,0,2,57,5.GASTOS CORRIENTES,0
3.PRODUCTO,5.ACTIVIDAD,22,0,12,0,12,59,5.GASTOS CORRIENTES,195641
3.PRODUCTO,5.ACTIVIDAD,25,0,4,0,4,62,5.GASTOS CORRIENTES,864
3.PRODUCTO,5.ACTIVIDAD,27,0,6,0,6,64,5.GASTOS CORRIENTES,43765
3.PRODUCTO,5.ACTIVIDAD,1,0,6,0,6,28,5.GASTOS CORRIENTES,0
3.PRODUCTO,5.ACTIVIDAD,7,0,6,0,6,10,5.GASTOS CORRIENTES,4857
3.PRODUCTO,5.ACTIVIDAD,1,0,6,0,6,4,5.GASTOS CORRIENTES,22800
3.PRODUCTO,5.ACTIVIDAD,12,0,51,0,51,49,5.GASTOS CORRIENTES,53191
3.PRODUCTO,5.ACTIVIDAD,11,0,63,0,63,48,5.GASTOS CORRIENTES,138176
3.PRODUCTO,5.ACTIVIDAD,1,0,6,0,6,4,5.GASTOS CORRIENTES,13859
3.PRODUCTO,5.ACTIVIDAD,23,0,6,0,6,26,5.GASTOS CORRIENTES,0
3.PRODUCTO,5.ACTIVIDAD,25,0,4,0,4,62,5.GASTOS CORRIENTES,73617
3.PRODUCTO,5.ACTIVIDAD,1,0,11500,0,12429,1,5.GASTOS CORRIENTES,1040
3.PRODUCTO,5.ACTIVIDAD,5,0,6,0,6,8,5.GASTOS CORRIENTES,2510
3.PRODUCTO,5.ACTIVIDAD,2,0,0,0,0,30,6.GASTOS DE CAPITAL,71227
3.PRODUCTO,5.ACTIVIDAD,9,0,6,0,6,12,5.GASTOS CORRIENTES,1600
3.PRODUCTO,5.ACTIVIDAD,20,0,6,0,6,23,5.GASTOS CORRIENTES,108000
3.PRODUCTO,5.ACTIVIDAD,4,0,6,0,6,7,5.GASTOS CORRIENTES,2280
3.PRODUCTO,5.ACTIVIDAD,5,0,18,0,19,42,5.GASTOS CORRIENTES,0
3.PRODUCTO,5.ACTIVIDAD,6,0,6,0,6,9,5.GASTOS CORRIENTES,383
3.PRODUCTO,5.ACTIVIDAD,15,0,10,0,10,52,5.GASTOS CORRIENTES,63
3.PRODUCTO,5.ACTIVIDAD,17,0,1,0,1,54,5.GASTOS CORRIENTES,1549
3.PRODUCTO,5.ACTIVIDAD,16,0,1,0,1,53,5.GASTOS CORRIENTES,1158
3.PRODUCTO,5.ACTIVIDAD,15,0,0,0,0,18,5.GASTOS CORRIENTES,13657
3.PRODUCTO,5.ACTIVIDAD,21,0,0,0,0,58,5.GASTOS CORRIENTES,7153
3.PRODUCTO,5.ACTIVIDAD,10,0,0,0,0,47,5.GASTOS CORRIENTES,12000
3.PRODUCTO,5.ACTIVIDAD,7,0,0,0,0,44,5.GASTOS CORRIENTES,23176
3.PRODUCTO,5.ACTIVIDAD,7,0,0,0,0,10,5.GASTOS CORRIENTES,123
3.PRODUCTO,5.ACTIVIDAD,1,0,0,0,0,4,5.GASTOS CORRIENTES,1920
3.PRODUCTO,5.ACTIVIDAD,23,0,0,0,0,60,5.GASTOS CORRIENTES,6450
3.PRODUCTO,5.ACTIVIDAD,15,0,0,0,0,52,5.GASTOS CORRIENTES,4669
3.PRODUCTO,5.ACTIVIDAD,14,0,0,0,0,51,5.GASTOS CORRIENTES,1500
3.PRODUCTO,5.ACTIVIDAD,14,0,0,0,0,51,5.GASTOS CORRIENTES,3928
3.PRODUCTO,5.ACTIVIDAD,7,0,0,0,0,44,5.GASTOS CORRIENTES,521
3.PRODUCTO,5.ACTIVIDAD,18,0,0,0,0,21,5.GASTOS CORRIENTES,133
3.PRODUCTO,5.ACTIVIDAD,15,0,0,0,0,52,5.GASTOS CORRIENTES,1662
3.PRODUCTO,5.ACTIVIDAD,20,0,0,0,0,57,5.GASTOS CORRIENTES,1027
3.PRODUCTO,5.ACTIVIDAD,4,0,0,0,0,7,5.GASTOS CORRIENTES,97
3.PRODUCTO,5.ACTIVIDAD,24,0,0,0,0,61,5.GASTOS CORRIENTES,385
3.PRODUCTO,5.ACTIVIDAD,22,0,0,0,0,59,5.GASTOS CORRIENTES,751
3.PRODUCTO,5.ACTIVIDAD,11,0,0,0,0,14,5.GASTOS CORRIENTES,123
3.PRODUCTO,5.ACTIVIDAD,23,0,0,0,0,60,5.GASTOS CORRIENTES,44219
3.PRODUCTO,5.ACTIVIDAD,11,0,0,0,0,14,5.GASTOS CORRIENTES,4600
3.PRODUCTO,5.ACTIVIDAD,10,0,0,0,0,47,5.GASTOS CORRIENTES,6022
3.PRODUCTO,5.ACTIVIDAD,16,0,1,0,1,53,5.GASTOS CORRIENTES,865
3.PRODUCTO,5.ACTIVIDAD,1,0,6,0,6,4,5.GASTOS CORRIENTES,20559
3.PRODUCTO,5.ACTIVIDAD,14,0,26,0,26,51,5.GASTOS CORRIENTES,5871
3.PRODUCTO,5.ACTIVIDAD,1,0,6,0,6,28,5.GASTOS CORRIENTES,533938
3.PRODUCTO,5.ACTIVIDAD,10,0,6,0,6,13,5.GASTOS CORRIENTES,0
3.PRODUCTO,5.ACTIVIDAD,14,0,6,0,6,17,5.GASTOS CORRIENTES,17709
3.PRODUCTO,5.ACTIVIDAD,21,0,9,0,9,58,5.GASTOS CORRIENTES,0
3.PRODUCTO,5.ACTIVIDAD,3,0,6,0,6,6,5.GASTOS CORRIENTES,121347
3.PRODUCTO,5.ACTIVIDAD,2,0,6,0,6,5,5.GASTOS CORRIENTES,552
3.PRODUCTO,5.ACTIVIDAD,19,0,6,0,6,22,5.GASTOS CORRIENTES,0
3.PRODUCTO,5.ACTIVIDAD,18,0,6,0,6,21,5.GASTOS CORRIENTES,4666
3.PRODUCTO,5.ACTIVIDAD,9,0,6,0,6,12,5.GASTOS CORRIENTES,6095
3.PRODUCTO,5.ACTIVIDAD,13,0,6,0,6,16,5.GASTOS CORRIENTES,6026
3.PRODUCTO,5.ACTIVIDAD,18,0,38,0,40,55,5.GASTOS CORRIENTES,0
3.PRODUCTO,5.ACTIVIDAD,5,0,18,0,19,42,5.GASTOS CORRIENTES,0
3.PRODUCTO,5.ACTIVIDAD,19,0,6,0,6,22,5.GASTOS CORRIENTES,200
3.PRODUCTO,5.ACTIVIDAD,20,0,2,0,2,57,5.GASTOS CORRIENTES,0
3.PRODUCTO,5.ACTIVIDAD,4,0,6,0,6,7,5.GASTOS CORRIENTES,11499
3.PRODUCTO,5.ACTIVIDAD,20,0,2,0,2,57,5.GASTOS CORRIENTES,248
3.PRODUCTO,5.ACTIVIDAD,12,0,51,0,51,49,5.GASTOS CORRIENTES,27000
3.PRODUCTO,5.ACTIVIDAD,4,0,16,0,16,41,5.GASTOS CORRIENTES,10149
3.PRODUCTO,5.ACTIVIDAD,10,0,20,0,20,47,5.GASTOS CORRIENTES,4403
3.PRODUCTO,5.ACTIVIDAD,8,0,6,0,6,11,5.GASTOS CORRIENTES,3615
3.PRODUCTO,5.ACTIVIDAD,18,0,38,0,40,55,5.GASTOS CORRIENTES,31377
3.PRODUCTO,5.ACTIVIDAD,12,0,51,0,51,49,5.GASTOS CORRIENTES,28322
3.PRODUCTO,5.ACTIVIDAD,25,0,4,0,4,62,5.GASTOS CORRIENTES,2486
3.PRODUCTO,5.ACTIVIDAD,11,0,6,0,6,14,5.GASTOS CORRIENTES,690
3.PRODUCTO,5.ACTIVIDAD,12,0,6,0,6,15,5.GASTOS CORRIENTES,0
3.PRODUCTO,5.ACTIVIDAD,16,0,6,0,6,19,5.GASTOS CORRIENTES,184
3.PRODUCTO,5.ACTIVIDAD,5,0,18,0,19,42,5.GASTOS CORRIENTES,468000
3.PRODUCTO,5.ACTIVIDAD,25,0,4,0,4,62,5.GASTOS CORRIENTES,39456
3.PRODUCTO,5.ACTIVIDAD,1,0,6,0,6,4,5.GASTOS CORRIENTES,13130
3.PRODUCTO,5.ACTIVIDAD,14,0,26,0,26,51,5.GASTOS CORRIENTES,54720
3.PRODUCTO,5.ACTIVIDAD,8,0,6,0,6,11,5.GASTOS CORRIENTES,1878
3.PRODUCTO,5.ACTIVIDAD,16,0,6,0,6,19,5.GASTOS CORRIENTES,2683
3.PRODUCTO,5.ACTIVIDAD,22,0,12,0,12,59,5.GASTOS CORRIENTES,18664
3.PRODUCTO,5.ACTIVIDAD,3,0,6,0,6,6,5.GASTOS CORRIENTES,1150
3.PRODUCTO,5.ACTIVIDAD,1,0,6,0,6,28,5.GASTOS CORRIENTES,0
2.PROYECTO,6.ACCION DE INVERSION,1,0,1,0,1,70,6.GASTOS DE CAPITAL,0
3.PRODUCTO,5.ACTIVIDAD,1,0,6,0,6,3,5.GASTOS CORRIENTES,928800
3.PRODUCTO,5.ACTIVIDAD,13,0,6,0,6,16,5.GASTOS CORRIENTES,4300
3.PRODUCTO,5.ACTIVIDAD,1,0,6,0,6,4,5.GASTOS CORRIENTES,0
3.PRODUCTO,5.ACTIVIDAD,15,0,10,0,10,52,5.GASTOS CORRIENTES,40022
3.PRODUCTO,5.ACTIVIDAD,1,0,6,0,6,2,5.GASTOS CORRIENTES,3600
3.PRODUCTO,5.ACTIVIDAD,23,0,6,0,6,26,5.GASTOS CORRIENTES,0
3.PRODUCTO,5.ACTIVIDAD,18,0,6,0,6,21,5.GASTOS CORRIENTES,400
3.PRODUCTO,5.ACTIVIDAD,18,0,6,0,6,21,5.GASTOS CORRIENTES,153627
3.PRODUCTO,5.ACTIVIDAD,18,0,38,0,40,55,5.GASTOS CORRIENTES,0
3.PRODUCTO,5.ACTIVIDAD,25,0,4,0,4,62,5.GASTOS CORRIENTES,1865
3.PRODUCTO,5.ACTIVIDAD,20,0,6,0,6,23,5.GASTOS CORRIENTES,82793
3.PRODUCTO,5.ACTIVIDAD,23,0,61,0,61,60,5.GASTOS CORRIENTES,1692000
3.PRODUCTO,5.ACTIVIDAD,15,0,10,0,10,52,5.GASTOS CORRIENTES,0
3.PRODUCTO,5.ACTIVIDAD,4,0,16,0,16,41,5.GASTOS CORRIENTES,0
3.PRODUCTO,5.ACTIVIDAD,10,0,6,0,6,13,5.GASTOS CORRIENTES,12440
3.PRODUCTO,5.ACTIVIDAD,21,0,9,0,9,58,5.GASTOS CORRIENTES,16833
3.PRODUCTO,5.ACTIVIDAD,13,0,6,0,6,16,5.GASTOS CORRIENTES,5251
3.PRODUCTO,5.ACTIVIDAD,9,0,6,0,6,12,5.GASTOS CORRIENTES,0
3.PRODUCTO,5.ACTIVIDAD,20,0,6,0,6,23,5.GASTOS CORRIENTES,470
3.PRODUCTO,5.ACTIVIDAD,21,0,9,0,9,58,5.GASTOS CORRIENTES,5871
3.PRODUCTO,5.ACTIVIDAD,10,0,6,0,6,13,5.GASTOS CORRIENTES,0
3.PRODUCTO,5.ACTIVIDAD,1,0,6,0,6,4,5.GASTOS CORRIENTES,6128
3.PRODUCTO,5.ACTIVIDAD,8,0,32,0,32,45,5.GASTOS CORRIENTES,33403
3.PRODUCTO,5.ACTIVIDAD,10,0,20,0,20,47,5.GASTOS CORRIENTES,2340
3.PRODUCTO,5.ACTIVIDAD,8,0,32,0,32,45,5.GASTOS CORRIENTES,0
3.PRODUCTO,5.ACTIVIDAD,21,0,9,0,9,58,5.GASTOS CORRIENTES,7604
3.PRODUCTO,5.ACTIVIDAD,12,0,6,0,6,15,5.GASTOS CORRIENTES,1840
3.PRODUCTO,5.ACTIVIDAD,14,0,6,0,6,17,5.GASTOS CORRIENTES,230
3.PRODUCTO,5.ACTIVIDAD,22,0,12,0,12,59,5.GASTOS CORRIENTES,5553
3.PRODUCTO,5.ACTIVIDAD,8,0,32,0,32,45,5.GASTOS CORRIENTES,0
3.PRODUCTO,5.ACTIVIDAD,7,0,6,0,6,10,5.GASTOS CORRIENTES,1220
3.PRODUCTO,5.ACTIVIDAD,24,0,4,0,4,61,5.GASTOS CORRIENTES,2900
3.PRODUCTO,5.ACTIVIDAD,10,0,20,0,20,47,5.GASTOS CORRIENTES,18630
3.PRODUCTO,5.ACTIVIDAD,21,0,6,0,6,24,5.GASTOS CORRIENTES,1227
3.PRODUCTO,5.ACTIVIDAD,13,0,41,0,41,50,5.GASTOS CORRIENTES,65324
3.PRODUCTO,5.ACTIVIDAD,20,0,2,0,2,57,5.GASTOS CORRIENTES,309
3.PRODUCTO,5.ACTIVIDAD,16,0,1,0,1,53,5.GASTOS CORRIENTES,1220
3.PRODUCTO,5.ACTIVIDAD,13,0,41,0,41,50,5.GASTOS CORRIENTES,17558
3.PRODUCTO,5.ACTIVIDAD,10,0,6,0,6,13,5.GASTOS CORRIENTES,108000
3.PRODUCTO,5.ACTIVIDAD,17,0,1,0,1,54,5.GASTOS CORRIENTES,600
3.PRODUCTO,5.ACTIVIDAD,5,0,18,0,19,42,5.GASTOS CORRIENTES,399160
3.PRODUCTO,5.ACTIVIDAD,12,0,51,0,51,49,5.GASTOS CORRIENTES,76743
3.PRODUCTO,5.ACTIVIDAD,22,0,12,0,12,59,5.GASTOS CORRIENTES,24302
3.PRODUCTO,5.ACTIVIDAD,14,0,26,0,26,51,5.GASTOS CORRIENTES,40284
3.PRODUCTO,5.ACTIVIDAD,8,0,32,0,32,45,5.GASTOS CORRIENTES,0
3.PRODUCTO,5.ACTIVIDAD,8,0,32,0,32,45,5.GASTOS CORRIENTES,0
3.PRODUCTO,5.ACTIVIDAD,6,0,6,0,6,9,5.GASTOS CORRIENTES,13952
3.PRODUCTO,5.ACTIVIDAD,27,0,6,0,6,64,5.GASTOS CORRIENTES,51326
3.PRODUCTO,5.ACTIVIDAD,6,0,6,0,6,9,5.GASTOS CORRIENTES,600
3.PRODUCTO,5.ACTIVIDAD,19,0,2,0,2,56,5.GASTOS CORRIENTES,1107
3.PRODUCTO,5.ACTIVIDAD,8,0,6,0,6,11,5.GASTOS CORRIENTES,3948
3.PRODUCTO,5.ACTIVIDAD,17,0,1,0,1,54,5.GASTOS CORRIENTES,7929
3.PRODUCTO,5.ACTIVIDAD,1,0,6,0,6,4,5.GASTOS CORRIENTES,5835
3.PRODUCTO,5.ACTIVIDAD,13,0,41,0,41,50,5.GASTOS CORRIENTES,0
3.PRODUCTO,5.ACTIVIDAD,22,0,12,0,12,59,5.GASTOS CORRIENTES,1750
3.PRODUCTO,5.ACTIVIDAD,1,0,6,0,6,27,5.GASTOS CORRIENTES,528000
3.PRODUCTO,5.ACTIVIDAD,18,0,6,0,6,21,5.GASTOS CORRIENTES,0
3.PRODUCTO,5.ACTIVIDAD,9,0,19,0,19,46,5.GASTOS CORRIENTES,202000
3.PRODUCTO,5.ACTIVIDAD,9,0,6,0,6,12,5.GASTOS CORRIENTES,615
3.PRODUCTO,5.ACTIVIDAD,20,0,2,0,2,57,5.GASTOS CORRIENTES,0
3.PRODUCTO,5.ACTIVIDAD,11,0,6,0,6,14,5.GASTOS CORRIENTES,3659
3.PRODUCTO,5.ACTIVIDAD,5,0,18,0,19,42,5.GASTOS CORRIENTES,11703
3.PRODUCTO,5.ACTIVIDAD,18,0,38,0,40,55,5.GASTOS CORRIENTES,48992
3.PRODUCTO,5.ACTIVIDAD,15,0,10,0,10,52,5.GASTOS CORRIENTES,1236
3.PRODUCTO,5.ACTIVIDAD,1,0,40890,0,61303,38,5.GASTOS CORRIENTES,0
3.PRODUCTO,5.ACTIVIDAD,26,0,6,0,6,63,5.GASTOS CORRIENTES,0
3.PRODUCTO,5.ACTIVIDAD,24,0,4,0,4,61,5.GASTOS CORRIENTES,18459
3.PRODUCTO,5.ACTIVIDAD,2,0,6,0,6,5,5.GASTOS CORRIENTES,3419
3.PRODUCTO,5.ACTIVIDAD,5,0,18,0,19,42,5.GASTOS CORRIENTES,10551
3.PRODUCTO,5.ACTIVIDAD,6,0,36,0,36,43,5.GASTOS CORRIENTES,57620
3.PRODUCTO,5.ACTIVIDAD,13,0,6,0,6,16,5.GASTOS CORRIENTES,0
3.PRODUCTO,5.ACTIVIDAD,8,0,32,0,32,45,5.GASTOS CORRIENTES,0
3.PRODUCTO,5.ACTIVIDAD,3,0,0,0,0,40,5.GASTOS CORRIENTES,16412
3.PRODUCTO,5.ACTIVIDAD,8,0,32,0,32,45,5.GASTOS CORRIENTES,83780
3.PRODUCTO,5.ACTIVIDAD,8,0,6,0,6,11,5.GASTOS CORRIENTES,32400
3.PRODUCTO,5.ACTIVIDAD,19,0,6,0,6,22,5.GASTOS CORRIENTES,920
3.PRODUCTO,5.ACTIVIDAD,24,0,4,0,4,61,5.GASTOS CORRIENTES,0
3.PRODUCTO,5.ACTIVIDAD,8,0,32,0,32,45,5.GASTOS CORRIENTES,30164
3.PRODUCTO,5.ACTIVIDAD,1,0,6,0,6,4,5.GASTOS CORRIENTES,20800
3.PRODUCTO,5.ACTIVIDAD,14,0,6,0,6,17,5.GASTOS CORRIENTES,0
3.PRODUCTO,5.ACTIVIDAD,6,0,6,0,6,9,5.GASTOS CORRIENTES,1220
3.PRODUCTO,5.ACTIVIDAD,1,0,6,0,6,4,5.GASTOS CORRIENTES,0
3.PRODUCTO,5.ACTIVIDAD,6,0,36,0,36,43,5.GASTOS CORRIENTES,6480
3.PRODUCTO,5.ACTIVIDAD,17,0,6,0,6,20,5.GASTOS CORRIENTES,1145
3.PRODUCTO,5.ACTIVIDAD,16,0,1,0,1,53,5.GASTOS CORRIENTES,1505
3.PRODUCTO,5.ACTIVIDAD,7,0,17,0,17,44,5.GASTOS CORRIENTES,0
3.PRODUCTO,5.ACTIVIDAD,23,0,61,0,61,60,5.GASTOS CORRIENTES,0
3.PRODUCTO,5.ACTIVIDAD,9,0,6,0,6,12,5.GASTOS CORRIENTES,0
3.PRODUCTO,5.ACTIVIDAD,1,0,6,0,6,4,5.GASTOS CORRIENTES,219
3.PRODUCTO,5.ACTIVIDAD,2,0,6,0,6,5,5.GASTOS CORRIENTES,267
3.PRODUCTO,5.ACTIVIDAD,3,0,6,0,6,6,5.GASTOS CORRIENTES,2333
3.PRODUCTO,5.ACTIVIDAD,10,0,20,0,20,47,5.GASTOS CORRIENTES,0
3.PRODUCTO,5.ACTIVIDAD,15,0,10,0,10,52,5.GASTOS CORRIENTES,0
3.PRODUCTO,5.ACTIVIDAD,12,0,6,0,6,15,5.GASTOS CORRIENTES,0
3.PRODUCTO,5.ACTIVIDAD,24,0,4,0,4,61,5.GASTOS CORRIENTES,0
3.PRODUCTO,5.ACTIVIDAD,9,0,19,0,19,46,5.GASTOS CORRIENTES,73
3.PRODUCTO,5.ACTIVIDAD,24,0,4,0,4,61,5.GASTOS CORRIENTES,6019
3.PRODUCTO,5.ACTIVIDAD,14,0,26,0,26,51,5.GASTOS CORRIENTES,64479
3.PRODUCTO,5.ACTIVIDAD,14,0,26,0,26,51,5.GASTOS CORRIENTES,698695
3.PRODUCTO,5.ACTIVIDAD,26,0,6,0,6,63,5.GASTOS CORRIENTES,0
3.PRODUCTO,5.ACTIVIDAD,17,0,0,0,0,20,6.GASTOS DE CAPITAL,0
3.PRODUCTO,5.ACTIVIDAD,15,0,0,0,0,18,5.GASTOS CORRIENTES,440
3.PRODUCTO,5.ACTIVIDAD,12,0,0,0,0,15,5.GASTOS CORRIENTES,843
3.PRODUCTO,5.ACTIVIDAD,25,0,0,0,0,62,5.GASTOS CORRIENTES,604
3.PRODUCTO,5.ACTIVIDAD,23,0,0,0,0,60,5.GASTOS CORRIENTES,25306
3.PRODUCTO,5.ACTIVIDAD,11,0,0,0,0,48,5.GASTOS CORRIENTES,36007
3.PRODUCTO,5.ACTIVIDAD,17,0,0,0,0,20,5.GASTOS CORRIENTES,115
3.PRODUCTO,5.ACTIVIDAD,17,0,0,0,0,54,5.GASTOS CORRIENTES,151
3.PRODUCTO,5.ACTIVIDAD,2,0,0,0,0,39,5.GASTOS CORRIENTES,15000
3.PRODUCTO,5.ACTIVIDAD,17,0,0,0,0,20,5.GASTOS CORRIENTES,161
3.PRODUCTO,5.ACTIVIDAD,22,0,0,0,0,59,5.GASTOS CORRIENTES,5474
3.PRODUCTO,5.ACTIVIDAD,18,0,0,0,0,55,5.GASTOS CORRIENTES,25108
3.PRODUCTO,5.ACTIVIDAD,1,0,0,0,0,28,5.GASTOS CORRIENTES,10941
3.PRODUCTO,5.ACTIVIDAD,19,0,0,0,0,22,5.GASTOS CORRIENTES,4600
3.PRODUCTO,5.ACTIVIDAD,9,0,0,0,0,46,5.GASTOS CORRIENTES,3078
3.PRODUCTO,5.ACTIVIDAD,7,0,0,0,0,35,6.GASTOS DE CAPITAL,180000
3.PRODUCTO,5.ACTIVIDAD,2,0,0,0,0,5,5.GASTOS CORRIENTES,1533
3.PRODUCTO,5.ACTIVIDAD,10,0,0,0,0,47,5.GASTOS CORRIENTES,7202
3.PRODUCTO,5.ACTIVIDAD,5,0,0,0,0,42,5.GASTOS CORRIENTES,2871
3.PRODUCTO,5.ACTIVIDAD,4,0,0,0,0,41,5.GASTOS CORRIENTES,540
3.PRODUCTO,5.ACTIVIDAD,17,0,0,0,0,20,5.GASTOS CORRIENTES,308
3.PRODUCTO,5.ACTIVIDAD,15,0,0,0,0,18,5.GASTOS CORRIENTES,1196
3.PRODUCTO,5.ACTIVIDAD,26,0,0,0,0,63,5.GASTOS CORRIENTES,5158
3.PRODUCTO,5.ACTIVIDAD,26,0,0,0,0,63,5.GASTOS CORRIENTES,29702
3.PRODUCTO,5.ACTIVIDAD,26,0,0,0,0,63,5.GASTOS CORRIENTES,6622
3.PRODUCTO,5.ACTIVIDAD,26,0,0,0,0,63,5.GASTOS CORRIENTES,14236
3.PRODUCTO,5.ACTIVIDAD,24,0,0,0,0,61,5.GASTOS CORRIENTES,102
3.PRODUCTO,5.ACTIVIDAD,22,0,0,0,0,59,5.GASTOS CORRIENTES,133
3.PRODUCTO,5.ACTIVIDAD,18,0,0,0,0,55,5.GASTOS CORRIENTES,16622
3.PRODUCTO,5.ACTIVIDAD,13,0,0,0,0,50,5.GASTOS CORRIENTES,5893
3.PRODUCTO,5.ACTIVIDAD,19,0,0,0,0,56,5.GASTOS CORRIENTES,1450
3.PRODUCTO,5.ACTIVIDAD,9,0,0,0,0,12,5.GASTOS CORRIENTES,1496
3.PRODUCTO,5.ACTIVIDAD,25,0,0,0,0,62,5.GASTOS CORRIENTES,1661
3.PRODUCTO,5.ACTIVIDAD,18,0,0,0,0,55,5.GASTOS CORRIENTES,5439
3.PRODUCTO,5.ACTIVIDAD,15,0,0,0,0,52,5.GASTOS CORRIENTES,599
3.PRODUCTO,5.ACTIVIDAD,11,0,0,0,0,48,5.GASTOS CORRIENTES,156779
3.PRODUCTO,5.ACTIVIDAD,1,0,6,0,6,28,5.GASTOS CORRIENTES,624000
3.PRODUCTO,5.ACTIVIDAD,1,0,40890,0,61303,38,5.GASTOS CORRIENTES,0
3.PRODUCTO,5.ACTIVIDAD,24,0,4,0,4,61,5.GASTOS CORRIENTES,0
3.PRODUCTO,5.ACTIVIDAD,4,0,6,0,6,7,5.GASTOS CORRIENTES,1840
3.PRODUCTO,5.ACTIVIDAD,8,0,6,0,6,11,5.GASTOS CORRIENTES,121346
3.PRODUCTO,5.ACTIVIDAD,8,0,32,0,32,45,5.GASTOS CORRIENTES,30462
3.PRODUCTO,5.ACTIVIDAD,9,0,19,0,19,46,5.GASTOS CORRIENTES,38407
3.PRODUCTO,5.ACTIVIDAD,22,0,12,0,12,59,5.GASTOS CORRIENTES,855
3.PRODUCTO,5.ACTIVIDAD,20,0,2,0,2,57,5.GASTOS CORRIENTES,1450
3.PRODUCTO,5.ACTIVIDAD,7,0,17,0,17,44,5.GASTOS CORRIENTES,504000
3.PRODUCTO,5.ACTIVIDAD,1,0,40890,0,61303,38,5.GASTOS CORRIENTES,148647
3.PRODUCTO,5.ACTIVIDAD,1,0,6,0,6,4,5.GASTOS CORRIENTES,4377
3.PRODUCTO,5.ACTIVIDAD,5,0,18,0,19,42,5.GASTOS CORRIENTES,10222
3.PRODUCTO,5.ACTIVIDAD,9,0,19,0,19,46,5.GASTOS CORRIENTES,0
3.PRODUCTO,5.ACTIVIDAD,22,0,12,0,12,59,5.GASTOS CORRIENTES,6671
3.PRODUCTO,5.ACTIVIDAD,19,0,6,0,6,22,5.GASTOS CORRIENTES,0
3.PRODUCTO,5.ACTIVIDAD,15,0,10,0,10,52,5.GASTOS CORRIENTES,20306
3.PRODUCTO,5.ACTIVIDAD,18,0,6,0,6,21,5.GASTOS CORRIENTES,368
3.PRODUCTO,5.ACTIVIDAD,9,0,6,0,6,12,5.GASTOS CORRIENTES,0
3.PRODUCTO,5.ACTIVIDAD,18,0,6,0,6,21,5.GASTOS CORRIENTES,0
3.PRODUCTO,5.ACTIVIDAD,19,0,6,0,6,22,5.GASTOS CORRIENTES,920
3.PRODUCTO,5.ACTIVIDAD,9,0,19,0,19,46,5.GASTOS CORRIENTES,133
3.PRODUCTO,5.ACTIVIDAD,1,0,6,0,6,4,5.GASTOS CORRIENTES,0
3.PRODUCTO,5.ACTIVIDAD,8,0,32,0,32,45,5.GASTOS CORRIENTES,0
3.PRODUCTO,5.ACTIVIDAD,22,0,6,0,6,25,5.GASTOS CORRIENTES,336000
3.PRODUCTO,5.ACTIVIDAD,9,0,19,0,19,46,5.GASTOS CORRIENTES,10437
3.PRODUCTO,5.ACTIVIDAD,16,0,6,0,6,19,5.GASTOS CORRIENTES,7191
3.PRODUCTO,5.ACTIVIDAD,23,0,61,0,61,60,5.GASTOS CORRIENTES,0
3.PRODUCTO,5.ACTIVIDAD,1,0,6,0,6,27,5.GASTOS CORRIENTES,0
3.PRODUCTO,5.ACTIVIDAD,17,0,1,0,1,54,5.GASTOS CORRIENTES,12101
3.PRODUCTO,5.ACTIVIDAD,16,0,1,0,1,53,5.GASTOS CORRIENTES,0
3.PRODUCTO,5.ACTIVIDAD,1,0,6,0,6,28,5.GASTOS CORRIENTES,5602
3.PRODUCTO,5.ACTIVIDAD,25,0,4,0,4,62,5.GASTOS CORRIENTES,0
3.PRODUCTO,5.ACTIVIDAD,25,0,4,0,4,62,5.GASTOS CORRIENTES,4645
3.PRODUCTO,5.ACTIVIDAD,18,0,38,0,40,55,5.GASTOS CORRIENTES,77471
3.PRODUCTO,5.ACTIVIDAD,17,0,6,0,6,20,5.GASTOS CORRIENTES,4293
3.PRODUCTO,5.ACTIVIDAD,13,0,6,0,6,16,5.GASTOS CORRIENTES,0
3.PRODUCTO,5.ACTIVIDAD,15,0,6,0,6,18,5.GASTOS CORRIENTES,9582
3.PRODUCTO,5.ACTIVIDAD,6,0,36,0,36,43,5.GASTOS CORRIENTES,19800
3.PRODUCTO,5.ACTIVIDAD,17,0,1,0,1,54,5.GASTOS CORRIENTES,0
3.PRODUCTO,5.ACTIVIDAD,21,0,9,0,9,58,5.GASTOS CORRIENTES,1620
3.PRODUCTO,5.ACTIVIDAD,9,0,19,0,19,46,5.GASTOS CORRIENTES,41519
3.PRODUCTO,5.ACTIVIDAD,12,0,51,0,51,49,5.GASTOS CORRIENTES,43569
3.PRODUCTO,5.ACTIVIDAD,11,0,0,0,0,66,6.GASTOS DE CAPITAL,0
3.PRODUCTO,5.ACTIVIDAD,18,0,6,0,6,21,5.GASTOS CORRIENTES,168000
3.PRODUCTO,5.ACTIVIDAD,25,0,4,0,4,62,5.GASTOS CORRIENTES,108000
3.PRODUCTO,5.ACTIVIDAD,7,0,6,0,6,10,5.GASTOS CORRIENTES,0
3.PRODUCTO,5.ACTIVIDAD,9,0,6,0,6,12,5.GASTOS CORRIENTES,0
3.PRODUCTO,5.ACTIVIDAD,6,0,6,0,6,9,5.GASTOS CORRIENTES,6927
3.PRODUCTO,5.ACTIVIDAD,23,0,6,0,6,26,5.GASTOS CORRIENTES,3907
3.PRODUCTO,5.ACTIVIDAD,20,0,2,0,2,57,5.GASTOS CORRIENTES,29000
3.PRODUCTO,5.ACTIVIDAD,11,0,6,0,6,14,5.GASTOS CORRIENTES,2219
3.PRODUCTO,5.ACTIVIDAD,21,0,9,0,9,58,5.GASTOS CORRIENTES,13945
3.PRODUCTO,5.ACTIVIDAD,12,0,6,0,6,15,5.GASTOS CORRIENTES,600
3.PRODUCTO,5.ACTIVIDAD,1,0,40890,0,61303,38,5.GASTOS CORRIENTES,11665
3.PRODUCTO,5.ACTIVIDAD,15,0,6,0,6,18,5.GASTOS CORRIENTES,200
3.PRODUCTO,5.ACTIVIDAD,1,0,40890,0,61303,38,5.GASTOS CORRIENTES,0
3.PRODUCTO,5.ACTIVIDAD,6,0,36,0,36,43,5.GASTOS CORRIENTES,101000
3.PRODUCTO,5.ACTIVIDAD,22,0,12,0,12,59,5.GASTOS CORRIENTES,15494
3.PRODUCTO,5.ACTIVIDAD,10,0,6,0,6,13,5.GASTOS CORRIENTES,3931
3.PRODUCTO,5.ACTIVIDAD,9,0,19,0,19,46,5.GASTOS CORRIENTES,29439
3.PRODUCTO,5.ACTIVIDAD,19,0,2,0,2,56,5.GASTOS CORRIENTES,24203
3.PRODUCTO,5.ACTIVIDAD,15,0,10,0,10,52,5.GASTOS CORRIENTES,0
3.PRODUCTO,5.ACTIVIDAD,2,0,6,0,6,5,5.GASTOS CORRIENTES,0
3.PRODUCTO,5.ACTIVIDAD,17,0,6,0,6,20,5.GASTOS CORRIENTES,15409
3.PRODUCTO,5.ACTIVIDAD,4,0,6,0,6,7,5.GASTOS CORRIENTES,2300
3.PRODUCTO,5.ACTIVIDAD,16,0,1,0,1,53,5.GASTOS CORRIENTES,555
3.PRODUCTO,5.ACTIVIDAD,13,0,41,0,41,50,5.GASTOS CORRIENTES,21658
3.PRODUCTO,5.ACTIVIDAD,13,0,41,0,41,50,5.GASTOS CORRIENTES,0
3.PRODUCTO,5.ACTIVIDAD,9,0,6,0,6,12,5.GASTOS CORRIENTES,0
3.PRODUCTO,5.ACTIVIDAD,1,0,6,0,6,3,5.GASTOS CORRIENTES,4200
3.PRODUCTO,5.ACTIVIDAD,17,0,6,0,6,20,5.GASTOS CORRIENTES,121346
3.PRODUCTO,5.ACTIVIDAD,12,0,6,0,6,15,5.GASTOS CORRIENTES,0
3.PRODUCTO,5.ACTIVIDAD,19,0,0,0,0,80,6.GASTOS DE CAPITAL,0
3.PRODUCTO,5.ACTIVIDAD,16,0,1,0,1,53,5.GASTOS CORRIENTES,329
3.PRODUCTO,5.ACTIVIDAD,23,0,61,0,61,60,5.GASTOS CORRIENTES,127882
3.PRODUCTO,5.ACTIVIDAD,2,0,6,0,6,5,5.GASTOS CORRIENTES,121347
3.PRODUCTO,5.ACTIVIDAD,17,0,1,0,1,54,5.GASTOS CORRIENTES,36000
3.PRODUCTO,5.ACTIVIDAD,20,0,6,0,6,23,5.GASTOS CORRIENTES,3170
3.PRODUCTO,5.ACTIVIDAD,18,0,38,0,40,55,5.GASTOS CORRIENTES,360
3.PRODUCTO,5.ACTIVIDAD,23,0,61,0,61,60,5.GASTOS CORRIENTES,47525
3.PRODUCTO,5.ACTIVIDAD,1,0,11500,0,12429,1,5.GASTOS CORRIENTES,43000
3.PRODUCTO,5.ACTIVIDAD,1,0,6,0,6,4,5.GASTOS CORRIENTES,0
3.PRODUCTO,5.ACTIVIDAD,6,0,36,0,36,43,5.GASTOS CORRIENTES,175649
3.PRODUCTO,5.ACTIVIDAD,9,0,6,0,6,12,5.GASTOS CORRIENTES,54
3.PRODUCTO,5.ACTIVIDAD,23,0,6,0,6,26,5.GASTOS CORRIENTES,0
3.PRODUCTO,5.ACTIVIDAD,20,0,6,0,6,23,5.GASTOS CORRIENTES,0
3.PRODUCTO,5.ACTIVIDAD,6,0,6,0,6,9,5.GASTOS CORRIENTES,300
3.PRODUCTO,5.ACTIVIDAD,19,0,6,0,6,22,5.GASTOS CORRIENTES,0
3.PRODUCTO,5.ACTIVIDAD,12,0,6,0,6,15,5.GASTOS CORRIENTES,18552
3.PRODUCTO,5.ACTIVIDAD,27,0,6,0,6,64,5.GASTOS CORRIENTES,2124000
3.PRODUCTO,5.ACTIVIDAD,12,0,51,0,51,49,5.GASTOS CORRIENTES,0
3.PRODUCTO,5.ACTIVIDAD,11,0,63,0,63,48,5.GASTOS CORRIENTES,1034836
3.PRODUCTO,5.ACTIVIDAD,11,0,63,0,63,48,5.GASTOS CORRIENTES,164171
3.PRODUCTO,5.ACTIVIDAD,11,0,6,0,6,14,5.GASTOS CORRIENTES,0
3.PRODUCTO,5.ACTIVIDAD,8,0,32,0,32,45,5.GASTOS CORRIENTES,106999
3.PRODUCTO,5.ACTIVIDAD,4,0,16,0,16,41,6.GASTOS DE CAPITAL,0
3.PRODUCTO,5.ACTIVIDAD,8,0,6,0,6,11,5.GASTOS CORRIENTES,600
3.PRODUCTO,5.ACTIVIDAD,7,0,17,0,17,44,5.GASTOS CORRIENTES,12323
3.PRODUCTO,5.ACTIVIDAD,12,0,51,0,51,49,5.GASTOS CORRIENTES,79019
3.PRODUCTO,5.ACTIVIDAD,1,0,6,0,6,4,5.GASTOS CORRIENTES,8100
3.PRODUCTO,5.ACTIVIDAD,12,0,51,0,51,49,5.GASTOS CORRIENTES,104985
3.PRODUCTO,5.ACTIVIDAD,26,0,6,0,6,63,5.GASTOS CORRIENTES,284385
3.PRODUCTO,5.ACTIVIDAD,5,0,6,0,6,8,5.GASTOS CORRIENTES,1356
3.PRODUCTO,5.ACTIVIDAD,5,0,6,0,6,8,5.GASTOS CORRIENTES,108000
3.PRODUCTO,5.ACTIVIDAD,7,0,6,0,6,10,5.GASTOS CORRIENTES,0
3.PRODUCTO,5.ACTIVIDAD,17,0,6,0,6,20,5.GASTOS CORRIENTES,600
3.PRODUCTO,5.ACTIVIDAD,7,0,17,0,17,44,5.GASTOS CORRIENTES,52817
3.PRODUCTO,5.ACTIVIDAD,16,0,6,0,6,19,5.GASTOS CORRIENTES,1791
3.PRODUCTO,5.ACTIVIDAD,8,0,6,0,6,11,5.GASTOS CORRIENTES,108000
3.PRODUCTO,5.ACTIVIDAD,4,0,6,0,6,7,5.GASTOS CORRIENTES,0
3.PRODUCTO,5.ACTIVIDAD,9,0,19,0,19,46,5.GASTOS CORRIENTES,9900
3.PRODUCTO,5.ACTIVIDAD,9,0,6,0,6,12,5.GASTOS CORRIENTES,5874
3.PRODUCTO,5.ACTIVIDAD,12,0,6,0,6,15,5.GASTOS CORRIENTES,5036
3.PRODUCTO,5.ACTIVIDAD,13,0,6,0,6,16,5.GASTOS CORRIENTES,4714
3.PRODUCTO,5.ACTIVIDAD,6,0,36,0,36,43,5.GASTOS CORRIENTES,23580
3.PRODUCTO,5.ACTIVIDAD,9,0,19,0,19,46,5.GASTOS CORRIENTES,0
3.PRODUCTO,5.ACTIVIDAD,10,0,20,0,20,47,5.GASTOS CORRIENTES,11107
3.PRODUCTO,5.ACTIVIDAD,12,0,51,0,51,49,5.GASTOS CORRIENTES,345300
3.PRODUCTO,5.ACTIVIDAD,13,0,41,0,41,50,5.GASTOS CORRIENTES,46194
3.PRODUCTO,5.ACTIVIDAD,4,0,6,0,6,7,5.GASTOS CORRIENTES,1200
3.PRODUCTO,5.ACTIVIDAD,6,0,36,0,36,43,5.GASTOS CORRIENTES,0
3.PRODUCTO,5.ACTIVIDAD,16,0,1,0,1,53,5.GASTOS CORRIENTES,725
3.PRODUCTO,5.ACTIVIDAD,21,0,9,0,9,58,5.GASTOS CORRIENTES,6524
3.PRODUCTO,5.ACTIVIDAD,25,0,4,0,4,62,5.GASTOS CORRIENTES,4338
3.PRODUCTO,5.ACTIVIDAD,20,0,2,0,2,57,5.GASTOS CORRIENTES,0
3.PRODUCTO,5.ACTIVIDAD,14,0,26,0,26,51,5.GASTOS CORRIENTES,0
3.PRODUCTO,5.ACTIVIDAD,22,0,6,0,6,25,5.GASTOS CORRIENTES,0
3.PRODUCTO,5.ACTIVIDAD,13,0,41,0,41,50,5.GASTOS CORRIENTES,2580
3.PRODUCTO,5.ACTIVIDAD,13,0,6,0,6,16,5.GASTOS CORRIENTES,7207
3.PRODUCTO,5.ACTIVIDAD,7,0,17,0,17,44,5.GASTOS CORRIENTES,13903
3.PRODUCTO,5.ACTIVIDAD,5,0,18,0,19,42,5.GASTOS CORRIENTES,30329
3.PRODUCTO,5.ACTIVIDAD,1,0,6,0,6,3,5.GASTOS CORRIENTES,172568
3.PRODUCTO,5.ACTIVIDAD,22,0,12,0,12,59,5.GASTOS CORRIENTES,1860
3.PRODUCTO,5.ACTIVIDAD,1,0,40890,0,61303,38,5.GASTOS CORRIENTES,0
3.PRODUCTO,5.ACTIVIDAD,23,0,6,0,6,26,5.GASTOS CORRIENTES,497468
3.PRODUCTO,5.ACTIVIDAD,5,0,6,0,6,8,5.GASTOS CORRIENTES,732
3.PRODUCTO,5.ACTIVIDAD,13,0,41,0,41,50,5.GASTOS CORRIENTES,751
3.PRODUCTO,5.ACTIVIDAD,11,0,63,0,63,48,5.GASTOS CORRIENTES,0
3.PRODUCTO,5.ACTIVIDAD,13,0,41,0,41,50,5.GASTOS CORRIENTES,0
3.PRODUCTO,5.ACTIVIDAD,15,0,10,0,10,52,5.GASTOS CORRIENTES,684
3.PRODUCTO,5.ACTIVIDAD,27,0,6,0,6,64,5.GASTOS CORRIENTES,4400
3.PRODUCTO,5.ACTIVIDAD,21,0,6,0,6,24,5.GASTOS CORRIENTES,1491
3.PRODUCTO,5.ACTIVIDAD,19,0,0,0,0,56,5.GASTOS CORRIENTES,0
3.PRODUCTO,5.ACTIVIDAD,1,0,0,0,0,4,5.GASTOS CORRIENTES,0
3.PRODUCTO,5.ACTIVIDAD,12,0,0,0,0,15,5.GASTOS CORRIENTES,0
3.PRODUCTO,5.ACTIVIDAD,6,0,0,0,0,43,5.GASTOS CORRIENTES,0
3.PRODUCTO,5.ACTIVIDAD,17,0,0,0,0,54,5.GASTOS CORRIENTES,0
3.PRODUCTO,5.ACTIVIDAD,5,0,0,0,0,42,5.GASTOS CORRIENTES,2269
3.PRODUCTO,5.ACTIVIDAD,12,0,0,0,0,15,5.GASTOS CORRIENTES,1850
3.PRODUCTO,5.ACTIVIDAD,27,0,0,0,0,64,5.GASTOS CORRIENTES,21882
3.PRODUCTO,5.ACTIVIDAD,18,0,0,0,0,55,5.GASTOS CORRIENTES,26097
3.PRODUCTO,5.ACTIVIDAD,16,0,0,0,0,53,5.GASTOS CORRIENTES,60
3.PRODUCTO,5.ACTIVIDAD,11,0,0,0,0,48,5.GASTOS CORRIENTES,12480
3.PRODUCTO,5.ACTIVIDAD,9,0,0,0,0,46,5.GASTOS CORRIENTES,8452
3.PRODUCTO,5.ACTIVIDAD,24,0,0,0,0,61,5.GASTOS CORRIENTES,80
3.PRODUCTO,5.ACTIVIDAD,10,0,0,0,0,47,5.GASTOS CORRIENTES,1497
3.PRODUCTO,5.ACTIVIDAD,13,0,0,0,0,16,5.GASTOS CORRIENTES,860
3.PRODUCTO,5.ACTIVIDAD,13,0,0,0,0,16,5.GASTOS CORRIENTES,115
3.PRODUCTO,5.ACTIVIDAD,4,0,0,0,0,41,5.GASTOS CORRIENTES,10280
3.PRODUCTO,5.ACTIVIDAD,5,0,0,0,0,33,6.GASTOS DE CAPITAL,178000
3.PRODUCTO,5.ACTIVIDAD,3,0,0,0,0,31,6.GASTOS DE CAPITAL,16672
3.PRODUCTO,5.ACTIVIDAD,15,0,0,0,0,52,5.GASTOS CORRIENTES,2299
3.PRODUCTO,5.ACTIVIDAD,13,0,0,0,0,50,5.GASTOS CORRIENTES,22323
3.PRODUCTO,5.ACTIVIDAD,9,0,0,0,0,46,5.GASTOS CORRIENTES,2871
3.PRODUCTO,5.ACTIVIDAD,16,0,0,0,0,53,5.GASTOS CORRIENTES,180
3.PRODUCTO,5.ACTIVIDAD,12,0,0,0,0,49,5.GASTOS CORRIENTES,7706
3.PRODUCTO,5.ACTIVIDAD,7,0,0,0,0,10,5.GASTOS CORRIENTES,1496
3.PRODUCTO,5.ACTIVIDAD,11,0,0,0,0,48,5.GASTOS CORRIENTES,61804
3.PRODUCTO,5.ACTIVIDAD,4,0,0,0,0,41,5.GASTOS CORRIENTES,143
3.PRODUCTO,5.ACTIVIDAD,11,0,0,0,0,14,5.GASTOS CORRIENTES,690
3.PRODUCTO,5.ACTIVIDAD,20,0,0,0,0,57,5.GASTOS CORRIENTES,495
3.PRODUCTO,5.ACTIVIDAD,19,0,0,0,0,56,5.GASTOS CORRIENTES,938
3.PRODUCTO,5.ACTIVIDAD,12,0,0,0,0,49,5.GASTOS CORRIENTES,224
3.PRODUCTO,5.ACTIVIDAD,14,0,0,0,0,72,6.GASTOS DE CAPITAL,0
3.PRODUCTO,5.ACTIVIDAD,11,0,63,0,63,48,5.GASTOS CORRIENTES,0
3.PRODUCTO,5.ACTIVIDAD,10,0,20,0,20,47,5.GASTOS CORRIENTES,45498
3.PRODUCTO,5.ACTIVIDAD,14,0,6,0,6,17,5.GASTOS CORRIENTES,1400
3.PRODUCTO,5.ACTIVIDAD,18,0,38,0,40,55,5.GASTOS CORRIENTES,0
3.PRODUCTO,5.ACTIVIDAD,2,0,6,0,6,5,5.GASTOS CORRIENTES,96000
3.PRODUCTO,5.ACTIVIDAD,7,0,6,0,6,10,5.GASTOS CORRIENTES,1917
3.PRODUCTO,5.ACTIVIDAD,14,0,26,0,26,51,5.GASTOS CORRIENTES,0
3.PRODUCTO,5.ACTIVIDAD,1,0,6,0,6,4,5.GASTOS CORRIENTES,148017
3.PRODUCTO,5.ACTIVIDAD,24,0,4,0,4,61,5.GASTOS CORRIENTES,174
3.PRODUCTO,5.ACTIVIDAD,21,0,6,0,6,24,5.GASTOS CORRIENTES,0
3.PRODUCTO,5.ACTIVIDAD,21,0,6,0,6,24,5.GASTOS CORRIENTES,133
3.PRODUCTO,5.ACTIVIDAD,3,0,0,0,0,40,5.GASTOS CORRIENTES,332406
3.PRODUCTO,5.ACTIVIDAD,27,0,6,0,6,64,5.GASTOS CORRIENTES,55000
3.PRODUCTO,5.ACTIVIDAD,2,0,6,0,6,5,5.GASTOS CORRIENTES,2333
3.PRODUCTO,5.ACTIVIDAD,12,0,51,0,51,49,5.GASTOS CORRIENTES,0
3.PRODUCTO,5.ACTIVIDAD,24,0,4,0,4,61,5.GASTOS CORRIENTES,0
3.PRODUCTO,5.ACTIVIDAD,8,0,6,0,6,11,5.GASTOS CORRIENTES,0
3.PRODUCTO,5.ACTIVIDAD,23,0,61,0,61,60,5.GASTOS CORRIENTES,0
3.PRODUCTO,5.ACTIVIDAD,25,0,4,0,4,62,5.GASTOS CORRIENTES,3587
3.PRODUCTO,5.ACTIVIDAD,4,0,16,0,16,41,5.GASTOS CORRIENTES,7215
3.PRODUCTO,5.ACTIVIDAD,19,0,2,0,2,56,5.GASTOS CORRIENTES,2458
3.PRODUCTO,5.ACTIVIDAD,1,0,40890,0,61303,38,5.GASTOS CORRIENTES,16800
3.PRODUCTO,5.ACTIVIDAD,17,0,1,0,1,54,5.GASTOS CORRIENTES,308
3.PRODUCTO,5.ACTIVIDAD,13,0,6,0,6,16,5.GASTOS CORRIENTES,0
3.PRODUCTO,5.ACTIVIDAD,11,0,63,0,63,48,5.GASTOS CORRIENTES,66160
3.PRODUCTO,5.ACTIVIDAD,6,0,6,0,6,9,5.GASTOS CORRIENTES,1814
3.PRODUCTO,5.ACTIVIDAD,26,0,6,0,6,63,5.GASTOS CORRIENTES,0
3.PRODUCTO,5.ACTIVIDAD,18,0,38,0,40,55,5.GASTOS CORRIENTES,0
3.PRODUCTO,5.ACTIVIDAD,1,0,6,0,6,28,5.GASTOS CORRIENTES,26259
3.PRODUCTO,5.ACTIVIDAD,20,0,6,0,6,23,5.GASTOS CORRIENTES,400
3.PRODUCTO,5.ACTIVIDAD,19,0,2,0,2,56,5.GASTOS CORRIENTES,751
3.PRODUCTO,5.ACTIVIDAD,10,0,20,0,20,47,5.GASTOS CORRIENTES,55019
3.PRODUCTO,5.ACTIVIDAD,22,0,6,0,6,25,5.GASTOS CORRIENTES,47413
3.PRODUCTO,5.ACTIVIDAD,13,0,41,0,41,50,5.GASTOS CORRIENTES,7802
3.PRODUCTO,5.ACTIVIDAD,8,0,32,0,32,45,5.GASTOS CORRIENTES,0
3.PRODUCTO,5.ACTIVIDAD,12,0,51,0,51,49,5.GASTOS CORRIENTES,287
3.PRODUCTO,5.ACTIVIDAD,1,0,6,0,6,4,5.GASTOS CORRIENTES,16047
3.PRODUCTO,5.ACTIVIDAD,4,0,6,0,6,7,5.GASTOS CORRIENTES,0
3.PRODUCTO,5.ACTIVIDAD,17,0,1,0,1,54,5.GASTOS CORRIENTES,1840
3.PRODUCTO,5.ACTIVIDAD,2,0,6,0,6,5,5.GASTOS CORRIENTES,26500
3.PRODUCTO,5.ACTIVIDAD,4,0,6,0,6,7,5.GASTOS CORRIENTES,1104
3.PRODUCTO,5.ACTIVIDAD,10,0,6,0,6,13,5.GASTOS CORRIENTES,2333
3.PRODUCTO,5.ACTIVIDAD,5,0,6,0,6,8,5.GASTOS CORRIENTES,121346
3.PRODUCTO,5.ACTIVIDAD,3,0,6,0,6,6,5.GASTOS CORRIENTES,57035
3.PRODUCTO,5.ACTIVIDAD,19,0,2,0,2,56,5.GASTOS CORRIENTES,0
3.PRODUCTO,5.ACTIVIDAD,8,0,6,0,6,11,5.GASTOS CORRIENTES,8816
3.PRODUCTO,5.ACTIVIDAD,17,0,1,0,1,54,5.GASTOS CORRIENTES,0
3.PRODUCTO,5.ACTIVIDAD,16,0,6,0,6,19,5.GASTOS CORRIENTES,0
3.PRODUCTO,5.ACTIVIDAD,24,0,4,0,4,61,5.GASTOS CORRIENTES,0
3.PRODUCTO,5.ACTIVIDAD,13,0,41,0,41,50,5.GASTOS CORRIENTES,5871
3.PRODUCTO,5.ACTIVIDAD,12,0,6,0,6,15,5.GASTOS CORRIENTES,85553
3.PRODUCTO,5.ACTIVIDAD,9,0,6,0,6,12,5.GASTOS CORRIENTES,202384
3.PRODUCTO,5.ACTIVIDAD,1,0,40890,0,61303,38,5.GASTOS CORRIENTES,42930
3.PRODUCTO,5.ACTIVIDAD,21,0,6,0,6,24,5.GASTOS CORRIENTES,2334
3.PRODUCTO,5.ACTIVIDAD,15,0,10,0,10,52,5.GASTOS CORRIENTES,13791
3.PRODUCTO,5.ACTIVIDAD,23,0,6,0,6,26,5.GASTOS CORRIENTES,0
3.PRODUCTO,5.ACTIVIDAD,6,0,36,0,36,43,5.GASTOS CORRIENTES,2452
3.PRODUCTO,5.ACTIVIDAD,6,0,36,0,36,43,5.GASTOS CORRIENTES,19992
3.PRODUCTO,5.ACTIVIDAD,19,0,2,0,2,56,5.GASTOS CORRIENTES,1111
3.PRODUCTO,5.ACTIVIDAD,18,0,6,0,6,21,5.GASTOS CORRIENTES,121346
3.PRODUCTO,5.ACTIVIDAD,15,0,6,0,6,18,5.GASTOS CORRIENTES,1303
3.PRODUCTO,5.ACTIVIDAD,22,0,12,0,12,59,5.GASTOS CORRIENTES,0
3.PRODUCTO,5.ACTIVIDAD,8,0,32,0,32,45,5.GASTOS CORRIENTES,122
3.PRODUCTO,5.ACTIVIDAD,2,0,6,0,6,5,5.GASTOS CORRIENTES,767
3.PRODUCTO,5.ACTIVIDAD,9,0,6,0,6,12,5.GASTOS CORRIENTES,1551
3.PRODUCTO,5.ACTIVIDAD,13,0,41,0,41,50,5.GASTOS CORRIENTES,1008000
3.PRODUCTO,5.ACTIVIDAD,18,0,6,0,6,21,5.GASTOS CORRIENTES,0
3.PRODUCTO,5.ACTIVIDAD,20,0,2,0,2,57,5.GASTOS CORRIENTES,3010
3.PRODUCTO,5.ACTIVIDAD,16,0,6,0,6,19,5.GASTOS CORRIENTES,299
3.PRODUCTO,5.ACTIVIDAD,7,0,6,0,6,10,5.GASTOS CORRIENTES,0
3.PRODUCTO,5.ACTIVIDAD,5,0,6,0,6,8,5.GASTOS CORRIENTES,613
3.PRODUCTO,5.ACTIVIDAD,9,0,6,0,6,12,5.GASTOS CORRIENTES,874
3.PRODUCTO,5.ACTIVIDAD,13,0,41,0,41,50,5.GASTOS CORRIENTES,0
3.PRODUCTO,5.ACTIVIDAD,12,0,51,0,51,49,5.GASTOS CORRIENTES,68243
3.PRODUCTO,5.ACTIVIDAD,25,0,4,0,4,62,5.GASTOS CORRIENTES,2900
3.PRODUCTO,5.ACTIVIDAD,15,0,6,0,6,18,5.GASTOS CORRIENTES,230
3.PRODUCTO,5.ACTIVIDAD,5,0,18,0,19,42,5.GASTOS CORRIENTES,47319
3.PRODUCTO,5.ACTIVIDAD,15,0,6,0,6,18,5.GASTOS CORRIENTES,34037
3.PRODUCTO,5.ACTIVIDAD,20,0,6,0,6,23,5.GASTOS CORRIENTES,1188
3.PRODUCTO,5.ACTIVIDAD,12,0,51,0,51,49,5.GASTOS CORRIENTES,0
3.PRODUCTO,5.ACTIVIDAD,3,0,6,0,6,6,5.GASTOS CORRIENTES,613
3.PRODUCTO,5.ACTIVIDAD,11,0,6,0,6,14,5.GASTOS CORRIENTES,230
3.PRODUCTO,5.ACTIVIDAD,4,0,16,0,16,41,5.GASTOS CORRIENTES,182
3.PRODUCTO,5.ACTIVIDAD,24,0,4,0,4,61,5.GASTOS CORRIENTES,206649
3.PRODUCTO,5.ACTIVIDAD,5,0,18,0,19,42,5.GASTOS CORRIENTES,13773
3.PRODUCTO,5.ACTIVIDAD,16,0,6,0,6,19,5.GASTOS CORRIENTES,0
3.PRODUCTO,5.ACTIVIDAD,23,0,6,0,6,26,5.GASTOS CORRIENTES,173603
3.PRODUCTO,5.ACTIVIDAD,14,0,26,0,26,51,5.GASTOS CORRIENTES,45972
3.PRODUCTO,5.ACTIVIDAD,16,0,6,0,6,19,5.GASTOS CORRIENTES,2333
3.PRODUCTO,5.ACTIVIDAD,8,0,6,0,6,11,5.GASTOS CORRIENTES,767
3.PRODUCTO,5.ACTIVIDAD,5,0,6,0,6,8,5.GASTOS CORRIENTES,414
3.PRODUCTO,5.ACTIVIDAD,18,0,38,0,40,55,5.GASTOS CORRIENTES,16146
3.PRODUCTO,5.ACTIVIDAD,21,0,6,0,6,24,5.GASTOS CORRIENTES,2300
3.PRODUCTO,5.ACTIVIDAD,2,0,6,0,6,5,5.GASTOS CORRIENTES,383
3.PRODUCTO,5.ACTIVIDAD,4,0,6,0,6,7,5.GASTOS CORRIENTES,16800
3.PRODUCTO,5.ACTIVIDAD,16,0,1,0,1,53,5.GASTOS CORRIENTES,0
3.PRODUCTO,5.ACTIVIDAD,6,0,36,0,36,43,5.GASTOS CORRIENTES,14592
3.PRODUCTO,5.ACTIVIDAD,17,0,1,0,1,54,5.GASTOS CORRIENTES,105
3.PRODUCTO,5.ACTIVIDAD,23,0,61,0,61,60,5.GASTOS CORRIENTES,10980
3.PRODUCTO,5.ACTIVIDAD,20,0,6,0,6,23,5.GASTOS CORRIENTES,843
3.PRODUCTO,5.ACTIVIDAD,18,0,38,0,40,55,5.GASTOS CORRIENTES,4399
3.PRODUCTO,5.ACTIVIDAD,27,0,6,0,6,64,5.GASTOS CORRIENTES,47827
3.PRODUCTO,5.ACTIVIDAD,4,0,16,0,16,41,5.GASTOS CORRIENTES,354018
3.PRODUCTO,5.ACTIVIDAD,9,0,6,0,6,12,5.GASTOS CORRIENTES,1132
3.PRODUCTO,5.ACTIVIDAD,18,0,6,0,6,21,5.GASTOS CORRIENTES,0
3.PRODUCTO,5.ACTIVIDAD,9,0,6,0,6,12,5.GASTOS CORRIENTES,268
3.PRODUCTO,5.ACTIVIDAD,2,0,6,0,6,5,5.GASTOS CORRIENTES,0
3.PRODUCTO,5.ACTIVIDAD,18,0,6,0,6,21,5.GASTOS CORRIENTES,3533
2.PROYECTO,6.ACCION DE INVERSION,1,0,1,0,1,74,6.GASTOS DE CAPITAL,0
3.PRODUCTO,5.ACTIVIDAD,18,0,6,0,6,21,5.GASTOS CORRIENTES,200
3.PRODUCTO,5.ACTIVIDAD,18,0,6,0,6,21,5.GASTOS CORRIENTES,200
3.PRODUCTO,5.ACTIVIDAD,17,0,1,0,1,54,5.GASTOS CORRIENTES,0
3.PRODUCTO,5.ACTIVIDAD,1,0,6,0,6,4,5.GASTOS CORRIENTES,20789
2.PROYECTO,6.ACCION DE INVERSION,1,0,1,0,1,71,6.GASTOS DE CAPITAL,0
3.PRODUCTO,5.ACTIVIDAD,6,0,36,0,36,43,5.GASTOS CORRIENTES,76989
3.PRODUCTO,5.ACTIVIDAD,19,0,6,0,6,22,5.GASTOS CORRIENTES,200
3.PRODUCTO,5.ACTIVIDAD,4,0,6,0,6,7,5.GASTOS CORRIENTES,9199
3.PRODUCTO,5.ACTIVIDAD,6,0,6,0,6,9,5.GASTOS CORRIENTES,200
3.PRODUCTO,5.ACTIVIDAD,13,0,6,0,6,16,5.GASTOS CORRIENTES,0
3.PRODUCTO,5.ACTIVIDAD,6,0,6,0,6,9,5.GASTOS CORRIENTES,2333
3.PRODUCTO,5.ACTIVIDAD,6,0,6,0,6,9,5.GASTOS CORRIENTES,199
3.PRODUCTO,5.ACTIVIDAD,21,0,6,0,6,24,5.GASTOS CORRIENTES,0
3.PRODUCTO,5.ACTIVIDAD,12,0,6,0,6,15,5.GASTOS CORRIENTES,0
3.PRODUCTO,5.ACTIVIDAD,21,0,6,0,6,24,5.GASTOS CORRIENTES,599
3.PRODUCTO,5.ACTIVIDAD,20,0,2,0,2,57,5.GASTOS CORRIENTES,0
3.PRODUCTO,5.ACTIVIDAD,26,0,6,0,6,63,5.GASTOS CORRIENTES,4666
3.PRODUCTO,5.ACTIVIDAD,3,0,0,0,0,40,5.GASTOS CORRIENTES,0
3.PRODUCTO,5.ACTIVIDAD,1,0,6,0,6,27,5.GASTOS CORRIENTES,11665
3.PRODUCTO,5.ACTIVIDAD,7,0,6,0,6,10,5.GASTOS CORRIENTES,700
3.PRODUCTO,5.ACTIVIDAD,19,0,2,0,2,56,5.GASTOS CORRIENTES,84000
3.PRODUCTO,5.ACTIVIDAD,14,0,26,0,26,51,5.GASTOS CORRIENTES,67247
3.PRODUCTO,5.ACTIVIDAD,20,0,6,0,6,23,5.GASTOS CORRIENTES,350
3.PRODUCTO,5.ACTIVIDAD,8,0,6,0,6,11,5.GASTOS CORRIENTES,6899
3.PRODUCTO,5.ACTIVIDAD,12,0,51,0,51,49,5.GASTOS CORRIENTES,0
3.PRODUCTO,5.ACTIVIDAD,20,0,2,0,2,57,5.GASTOS CORRIENTES,360
3.PRODUCTO,5.ACTIVIDAD,9,0,19,0,19,46,5.GASTOS CORRIENTES,40026
3.PRODUCTO,5.ACTIVIDAD,10,0,20,0,20,47,5.GASTOS CORRIENTES,10200
3.PRODUCTO,5.ACTIVIDAD,5,0,18,0,19,42,5.GASTOS CORRIENTES,0
3.PRODUCTO,5.ACTIVIDAD,1,0,6,0,6,27,5.GASTOS CORRIENTES,3000
3.PRODUCTO,5.ACTIVIDAD,1,0,6,0,6,3,5.GASTOS CORRIENTES,10000
3.PRODUCTO,5.ACTIVIDAD,4,0,16,0,16,41,5.GASTOS CORRIENTES,15410
3.PRODUCTO,5.ACTIVIDAD,18,0,38,0,40,55,5.GASTOS CORRIENTES,239411
3.PRODUCTO,5.ACTIVIDAD,14,0,26,0,26,51,5.GASTOS CORRIENTES,23046
3.PRODUCTO,5.ACTIVIDAD,19,0,6,0,6,22,5.GASTOS CORRIENTES,230
3.PRODUCTO,5.ACTIVIDAD,1,0,40890,0,61303,38,5.GASTOS CORRIENTES,3119
3.PRODUCTO,5.ACTIVIDAD,22,0,6,0,6,25,5.GASTOS CORRIENTES,8800
3.PRODUCTO,5.ACTIVIDAD,7,0,17,0,17,44,5.GASTOS CORRIENTES,321000
3.PRODUCTO,5.ACTIVIDAD,1,0,40890,0,61303,38,5.GASTOS CORRIENTES,1500
3.PRODUCTO,5.ACTIVIDAD,15,0,6,0,6,18,5.GASTOS CORRIENTES,0
3.PRODUCTO,5.ACTIVIDAD,17,0,1,0,1,54,5.GASTOS CORRIENTES,725
3.PRODUCTO,5.ACTIVIDAD,14,0,26,0,26,51,5.GASTOS CORRIENTES,143380
3.PRODUCTO,5.ACTIVIDAD,14,0,6,0,6,17,5.GASTOS CORRIENTES,920
3.PRODUCTO,5.ACTIVIDAD,4,0,16,0,16,41,5.GASTOS CORRIENTES,4904
3.PRODUCTO,5.ACTIVIDAD,4,0,16,0,16,41,5.GASTOS CORRIENTES,45355
3.PRODUCTO,5.ACTIVIDAD,24,0,4,0,4,61,5.GASTOS CORRIENTES,125
3.PRODUCTO,5.ACTIVIDAD,9,0,6,0,6,12,5.GASTOS CORRIENTES,920
3.PRODUCTO,5.ACTIVIDAD,20,0,0,0,0,57,5.GASTOS CORRIENTES,0
3.PRODUCTO,5.ACTIVIDAD,4,0,0,0,0,41,5.GASTOS CORRIENTES,418
3.PRODUCTO,5.ACTIVIDAD,18,0,0,0,0,21,5.GASTOS CORRIENTES,2300
3.PRODUCTO,5.ACTIVIDAD,4,0,0,0,0,7,5.GASTOS CORRIENTES,764
3.PRODUCTO,5.ACTIVIDAD,5,0,0,0,0,42,5.GASTOS CORRIENTES,9043
3.PRODUCTO,5.ACTIVIDAD,4,0,0,0,0,41,5.GASTOS CORRIENTES,3784
3.PRODUCTO,5.ACTIVIDAD,23,0,0,0,0,60,5.GASTOS CORRIENTES,546
3.PRODUCTO,5.ACTIVIDAD,12,0,0,0,0,49,5.GASTOS CORRIENTES,10982
3.PRODUCTO,5.ACTIVIDAD,10,0,0,0,0,47,5.GASTOS CORRIENTES,720
3.PRODUCTO,5.ACTIVIDAD,6,0,0,0,0,43,5.GASTOS CORRIENTES,45339
3.PRODUCTO,5.ACTIVIDAD,3,0,0,0,0,40,5.GASTOS CORRIENTES,2761
3.PRODUCTO,5.ACTIVIDAD,12,0,0,0,0,15,5.GASTOS CORRIENTES,92
3.PRODUCTO,5.ACTIVIDAD,26,0,0,0,0,63,5.GASTOS CORRIENTES,907
3.PRODUCTO,5.ACTIVIDAD,26,0,0,0,0,63,5.GASTOS CORRIENTES,618
3.PRODUCTO,5.ACTIVIDAD,22,0,0,0,0,59,5.GASTOS CORRIENTES,4935
3.PRODUCTO,5.ACTIVIDAD,21,0,0,0,0,58,5.GASTOS CORRIENTES,1360
3.PRODUCTO,5.ACTIVIDAD,3,0,0,0,0,40,5.GASTOS CORRIENTES,2356
3.PRODUCTO,5.ACTIVIDAD,14,0,0,0,0,17,5.GASTOS CORRIENTES,3067
3.PRODUCTO,5.ACTIVIDAD,13,0,0,0,0,16,5.GASTOS CORRIENTES,456
3.PRODUCTO,5.ACTIVIDAD,8,0,0,0,0,11,5.GASTOS CORRIENTES,399
3.PRODUCTO,5.ACTIVIDAD,19,0,0,0,0,56,5.GASTOS CORRIENTES,302
3.PRODUCTO,5.ACTIVIDAD,8,0,0,0,0,45,5.GASTOS CORRIENTES,20520
3.PRODUCTO,5.ACTIVIDAD,22,0,0,0,0,59,5.GASTOS CORRIENTES,4348
3.PRODUCTO,5.ACTIVIDAD,11,0,0,0,0,14,5.GASTOS CORRIENTES,192
3.PRODUCTO,5.ACTIVIDAD,8,0,6,0,6,11,5.GASTOS CORRIENTES,610
3.PRODUCTO,5.ACTIVIDAD,23,0,61,0,61,60,5.GASTOS CORRIENTES,0
3.PRODUCTO,5.ACTIVIDAD,23,0,6,0,6,26,5.GASTOS CORRIENTES,13998
3.PRODUCTO,5.ACTIVIDAD,7,0,17,0,17,44,5.GASTOS CORRIENTES,32662
3.PRODUCTO,5.ACTIVIDAD,14,0,26,0,26,51,5.GASTOS CORRIENTES,4270
3.PRODUCTO,5.ACTIVIDAD,12,0,51,0,51,49,5.GASTOS CORRIENTES,68381
3.PRODUCTO,5.ACTIVIDAD,9,0,6,0,6,12,5.GASTOS CORRIENTES,19406
3.PRODUCTO,5.ACTIVIDAD,18,0,38,0,40,55,5.GASTOS CORRIENTES,12600
3.PRODUCTO,5.ACTIVIDAD,22,0,6,0,6,25,5.GASTOS CORRIENTES,6999
3.PRODUCTO,5.ACTIVIDAD,1,0,40890,0,61303,38,5.GASTOS CORRIENTES,0
3.PRODUCTO,5.ACTIVIDAD,16,0,1,0,1,53,5.GASTOS CORRIENTES,0
3.PRODUCTO,5.ACTIVIDAD,18,0,6,0,6,21,5.GASTOS CORRIENTES,0
3.PRODUCTO,5.ACTIVIDAD,17,0,6,0,6,20,5.GASTOS CORRIENTES,4133
3.PRODUCTO,5.ACTIVIDAD,4,0,16,0,16,41,5.GASTOS CORRIENTES,2737
3.PRODUCTO,5.ACTIVIDAD,22,0,6,0,6,25,5.GASTOS CORRIENTES,0
3.PRODUCTO,5.ACTIVIDAD,1,0,6,0,6,28,5.GASTOS CORRIENTES,0
3.PRODUCTO,5.ACTIVIDAD,11,0,6,0,6,14,5.GASTOS CORRIENTES,400
3.PRODUCTO,5.ACTIVIDAD,15,0,10,0,10,52,5.GASTOS CORRIENTES,16330
3.PRODUCTO,5.ACTIVIDAD,7,0,17,0,17,44,5.GASTOS CORRIENTES,2448
3.PRODUCTO,5.ACTIVIDAD,9,0,19,0,19,46,5.GASTOS CORRIENTES,2541
3.PRODUCTO,5.ACTIVIDAD,7,0,17,0,17,44,5.GASTOS CORRIENTES,301743
3.PRODUCTO,5.ACTIVIDAD,26,0,6,0,6,63,5.GASTOS CORRIENTES,0
3.PRODUCTO,5.ACTIVIDAD,21,0,6,0,6,24,5.GASTOS CORRIENTES,613
3.PRODUCTO,5.ACTIVIDAD,1,0,6,0,6,4,5.GASTOS CORRIENTES,0
3.PRODUCTO,5.ACTIVIDAD,3,0,6,0,6,6,5.GASTOS CORRIENTES,460
3.PRODUCTO,5.ACTIVIDAD,6,0,36,0,36,43,5.GASTOS CORRIENTES,54020
3.PRODUCTO,5.ACTIVIDAD,1,0,40890,0,61303,38,5.GASTOS CORRIENTES,2121
3.PRODUCTO,5.ACTIVIDAD,6,0,36,0,36,43,5.GASTOS CORRIENTES,87868
3.PRODUCTO,5.ACTIVIDAD,20,0,2,0,2,57,5.GASTOS CORRIENTES,428
3.PRODUCTO,5.ACTIVIDAD,2,0,6,0,6,5,5.GASTOS CORRIENTES,2074
3.PRODUCTO,5.ACTIVIDAD,10,0,6,0,6,13,5.GASTOS CORRIENTES,21044
3.PRODUCTO,5.ACTIVIDAD,12,0,6,0,6,15,5.GASTOS CORRIENTES,800
3.PRODUCTO,5.ACTIVIDAD,5,0,6,0,6,8,5.GASTOS CORRIENTES,2333
3.PRODUCTO,5.ACTIVIDAD,17,0,1,0,1,54,5.GASTOS CORRIENTES,2333
3.PRODUCTO,5.ACTIVIDAD,15,0,10,0,10,52,5.GASTOS CORRIENTES,7974
3.PRODUCTO,5.ACTIVIDAD,14,0,26,0,26,51,5.GASTOS CORRIENTES,37328
3.PRODUCTO,5.ACTIVIDAD,18,0,6,0,6,21,5.GASTOS CORRIENTES,4652
3.PRODUCTO,5.ACTIVIDAD,11,0,6,0,6,14,5.GASTOS CORRIENTES,2333
3.PRODUCTO,5.ACTIVIDAD,22,0,12,0,12,59,5.GASTOS CORRIENTES,1491
3.PRODUCTO,5.ACTIVIDAD,15,0,6,0,6,18,5.GASTOS CORRIENTES,1200
3.PRODUCTO,5.ACTIVIDAD,20,0,2,0,2,57,5.GASTOS CORRIENTES,4691
3.PRODUCTO,5.ACTIVIDAD,6,0,6,0,6,9,5.GASTOS CORRIENTES,121346
3.PRODUCTO,5.ACTIVIDAD,9,0,19,0,19,46,5.GASTOS CORRIENTES,260182
3.PRODUCTO,5.ACTIVIDAD,1,0,6,0,6,4,5.GASTOS CORRIENTES,10941
3.PRODUCTO,5.ACTIVIDAD,5,0,18,0,19,42,5.GASTOS CORRIENTES,22898
3.PRODUCTO,5.ACTIVIDAD,17,0,1,0,1,54,5.GASTOS CORRIENTES,659
3.PRODUCTO,5.ACTIVIDAD,11,0,6,0,6,14,5.GASTOS CORRIENTES,16145
3.PRODUCTO,5.ACTIVIDAD,19,0,2,0,2,56,5.GASTOS CORRIENTES,10943
3.PRODUCTO,5.ACTIVIDAD,10,0,20,0,20,47,5.GASTOS CORRIENTES,526
3.PRODUCTO,5.ACTIVIDAD,6,0,36,0,36,43,5.GASTOS CORRIENTES,549
3.PRODUCTO,5.ACTIVIDAD,8,0,6,0,6,11,5.GASTOS CORRIENTES,0
3.PRODUCTO,5.ACTIVIDAD,5,0,18,0,19,42,5.GASTOS CORRIENTES,0
3.PRODUCTO,5.ACTIVIDAD,25,0,4,0,4,62,5.GASTOS CORRIENTES,0
3.PRODUCTO,5.ACTIVIDAD,1,0,6,0,6,4,5.GASTOS CORRIENTES,500
3.PRODUCTO,5.ACTIVIDAD,27,0,6,0,6,64,5.GASTOS CORRIENTES,0
3.PRODUCTO,5.ACTIVIDAD,6,0,6,0,6,9,5.GASTOS CORRIENTES,24000
3.PRODUCTO,5.ACTIVIDAD,14,0,26,0,26,51,5.GASTOS CORRIENTES,44935
3.PRODUCTO,5.ACTIVIDAD,17,0,6,0,6,20,5.GASTOS CORRIENTES,0
3.PRODUCTO,5.ACTIVIDAD,1,0,6,0,6,3,5.GASTOS CORRIENTES,16331
3.PRODUCTO,5.ACTIVIDAD,11,0,6,0,6,14,5.GASTOS CORRIENTES,0
3.PRODUCTO,5.ACTIVIDAD,21,0,9,0,9,58,5.GASTOS CORRIENTES,0
3.PRODUCTO,5.ACTIVIDAD,5,0,6,0,6,8,5.GASTOS CORRIENTES,872
3.PRODUCTO,5.ACTIVIDAD,10,0,6,0,6,13,5.GASTOS CORRIENTES,575
3.PRODUCTO,5.ACTIVIDAD,21,0,9,0,9,58,5.GASTOS CORRIENTES,66000
3.PRODUCTO,5.ACTIVIDAD,22,0,12,0,12,59,5.GASTOS CORRIENTES,128254
3.PRODUCTO,5.ACTIVIDAD,1,0,6,0,6,4,5.GASTOS CORRIENTES,0
3.PRODUCTO,5.ACTIVIDAD,5,0,18,0,19,42,5.GASTOS CORRIENTES,8617
3.PRODUCTO,5.ACTIVIDAD,11,0,63,0,63,48,5.GASTOS CORRIENTES,8422
3.PRODUCTO,5.ACTIVIDAD,10,0,20,0,20,47,5.GASTOS CORRIENTES,0
3.PRODUCTO,5.ACTIVIDAD,5,0,18,0,19,42,5.GASTOS CORRIENTES,1560
3.PRODUCTO,5.ACTIVIDAD,4,0,16,0,16,41,5.GASTOS CORRIENTES,0
3.PRODUCTO,5.ACTIVIDAD,18,0,38,0,40,55,5.GASTOS CORRIENTES,0
3.PRODUCTO,5.ACTIVIDAD,12,0,6,0,6,15,5.GASTOS CORRIENTES,1603
3.PRODUCTO,5.ACTIVIDAD,22,0,12,0,12,59,5.GASTOS CORRIENTES,84300
3.PRODUCTO,5.ACTIVIDAD,17,0,0,0,0,77,6.GASTOS DE CAPITAL,0
3.PRODUCTO,5.ACTIVIDAD,14,0,6,0,6,17,5.GASTOS CORRIENTES,30760
3.PRODUCTO,5.ACTIVIDAD,17,0,6,0,6,20,5.GASTOS CORRIENTES,5749
3.PRODUCTO,5.ACTIVIDAD,3,0,6,0,6,6,5.GASTOS CORRIENTES,2546
3.PRODUCTO,5.ACTIVIDAD,16,0,6,0,6,19,5.GASTOS CORRIENTES,7973
3.PRODUCTO,5.ACTIVIDAD,3,0,6,0,6,6,5.GASTOS CORRIENTES,0
3.PRODUCTO,5.ACTIVIDAD,12,0,51,0,51,49,5.GASTOS CORRIENTES,16320
3.PRODUCTO,5.ACTIVIDAD,22,0,12,0,12,59,5.GASTOS CORRIENTES,2880
3.PRODUCTO,5.ACTIVIDAD,15,0,6,0,6,18,5.GASTOS CORRIENTES,675
3.PRODUCTO,5.ACTIVIDAD,12,0,51,0,51,49,5.GASTOS CORRIENTES,5149
3.PRODUCTO,5.ACTIVIDAD,11,0,6,0,6,14,5.GASTOS CORRIENTES,2497
3.PRODUCTO,5.ACTIVIDAD,4,0,16,0,16,41,5.GASTOS CORRIENTES,7775
3.PRODUCTO,5.ACTIVIDAD,27,0,6,0,6,64,5.GASTOS CORRIENTES,4752
3.PRODUCTO,5.ACTIVIDAD,22,0,12,0,12,59,5.GASTOS CORRIENTES,543
3.PRODUCTO,5.ACTIVIDAD,7,0,17,0,17,44,5.GASTOS CORRIENTES,20710
3.PRODUCTO,5.ACTIVIDAD,19,0,2,0,2,56,5.GASTOS CORRIENTES,35621
3.PRODUCTO,5.ACTIVIDAD,21,0,9,0,9,58,5.GASTOS CORRIENTES,20997
3.PRODUCTO,5.ACTIVIDAD,7,0,17,0,17,44,5.GASTOS CORRIENTES,0
3.PRODUCTO,5.ACTIVIDAD,18,0,38,0,40,55,5.GASTOS CORRIENTES,8726
3.PRODUCTO,5.ACTIVIDAD,4,0,0,0,0,32,6.GASTOS DE CAPITAL,406078
3.PRODUCTO,5.ACTIVIDAD,15,0,10,0,10,52,5.GASTOS CORRIENTES,35227
3.PRODUCTO,5.ACTIVIDAD,15,0,10,0,10,52,5.GASTOS CORRIENTES,18592
3.PRODUCTO,5.ACTIVIDAD,16,0,6,0,6,19,5.GASTOS CORRIENTES,34037
3.PRODUCTO,5.ACTIVIDAD,9,0,19,0,19,46,5.GASTOS CORRIENTES,21118
3.PRODUCTO,5.ACTIVIDAD,14,0,6,0,6,17,5.GASTOS CORRIENTES,354000
3.PRODUCTO,5.ACTIVIDAD,26,0,6,0,6,63,5.GASTOS CORRIENTES,12000
3.PRODUCTO,5.ACTIVIDAD,1,0,6,0,6,4,5.GASTOS CORRIENTES,0
3.PRODUCTO,5.ACTIVIDAD,18,0,6,0,6,21,5.GASTOS CORRIENTES,2039
3.PRODUCTO,5.ACTIVIDAD,9,0,19,0,19,46,5.GASTOS CORRIENTES,13773
3.PRODUCTO,5.ACTIVIDAD,10,0,6,0,6,13,5.GASTOS CORRIENTES,600
3.PRODUCTO,5.ACTIVIDAD,19,0,6,0,6,22,5.GASTOS CORRIENTES,4599
3.PRODUCTO,5.ACTIVIDAD,6,0,36,0,36,43,5.GASTOS CORRIENTES,0
3.PRODUCTO,5.ACTIVIDAD,7,0,6,0,6,10,5.GASTOS CORRIENTES,460
3.PRODUCTO,5.ACTIVIDAD,27,0,6,0,6,64,5.GASTOS CORRIENTES,28898
3.PRODUCTO,5.ACTIVIDAD,11,0,63,0,63,48,5.GASTOS CORRIENTES,0
3.PRODUCTO,5.ACTIVIDAD,5,0,6,0,6,8,5.GASTOS CORRIENTES,200
3.PRODUCTO,5.ACTIVIDAD,10,0,20,0,20,47,5.GASTOS CORRIENTES,2524
3.PRODUCTO,5.ACTIVIDAD,24,0,4,0,4,61,5.GASTOS CORRIENTES,3604
3.PRODUCTO,5.ACTIVIDAD,4,0,16,0,16,41,5.GASTOS CORRIENTES,7200
3.PRODUCTO,5.ACTIVIDAD,9,0,6,0,6,12,5.GASTOS CORRIENTES,3814
3.PRODUCTO,5.ACTIVIDAD,19,0,6,0,6,22,5.GASTOS CORRIENTES,1533
3.PRODUCTO,5.ACTIVIDAD,18,0,6,0,6,21,5.GASTOS CORRIENTES,1200
3.PRODUCTO,5.ACTIVIDAD,8,0,32,0,32,45,5.GASTOS CORRIENTES,332000
3.PRODUCTO,5.ACTIVIDAD,13,0,6,0,6,16,5.GASTOS CORRIENTES,11347
3.PRODUCTO,5.ACTIVIDAD,27,0,6,0,6,64,5.GASTOS CORRIENTES,0
3.PRODUCTO,5.ACTIVIDAD,3,0,6,0,6,6,5.GASTOS CORRIENTES,200
3.PRODUCTO,5.ACTIVIDAD,1,0,6,0,6,28,6.GASTOS DE CAPITAL,0
3.PRODUCTO,5.ACTIVIDAD,21,0,6,0,6,24,5.GASTOS CORRIENTES,0
3.PRODUCTO,5.ACTIVIDAD,14,0,26,0,26,51,6.GASTOS DE CAPITAL,0
3.PRODUCTO,5.ACTIVIDAD,4,0,16,0,16,41,5.GASTOS CORRIENTES,21692
3.PRODUCTO,5.ACTIVIDAD,2,0,6,0,6,5,5.GASTOS CORRIENTES,1227
3.PRODUCTO,5.ACTIVIDAD,20,0,2,0,2,57,5.GASTOS CORRIENTES,8754
3.PRODUCTO,5.ACTIVIDAD,22,0,12,0,12,59,5.GASTOS CORRIENTES,27453
3.PRODUCTO,5.ACTIVIDAD,11,0,63,0,63,48,5.GASTOS CORRIENTES,0
3.PRODUCTO,5.ACTIVIDAD,10,0,20,0,20,47,5.GASTOS CORRIENTES,0
3.PRODUCTO,5.ACTIVIDAD,1,0,6,0,6,4,5.GASTOS CORRIENTES,36471
3.PRODUCTO,5.ACTIVIDAD,11,0,63,0,63,48,5.GASTOS CORRIENTES,6851
3.PRODUCTO,5.ACTIVIDAD,13,0,6,0,6,16,5.GASTOS CORRIENTES,6632
3.PRODUCTO,5.ACTIVIDAD,17,0,6,0,6,20,5.GASTOS CORRIENTES,2333
3.PRODUCTO,5.ACTIVIDAD,12,0,6,0,6,15,5.GASTOS CORRIENTES,1035
3.PRODUCTO,5.ACTIVIDAD,17,0,6,0,6,20,5.GASTOS CORRIENTES,36000
3.PRODUCTO,5.ACTIVIDAD,19,0,2,0,2,56,5.GASTOS CORRIENTES,0
3.PRODUCTO,5.ACTIVIDAD,13,0,41,0,41,50,5.GASTOS CORRIENTES,7876
3.PRODUCTO,5.ACTIVIDAD,15,0,6,0,6,18,5.GASTOS CORRIENTES,168000
3.PRODUCTO,5.ACTIVIDAD,3,0,0,0,0,40,5.GASTOS CORRIENTES,34995
3.PRODUCTO,5.ACTIVIDAD,15,0,10,0,10,52,5.GASTOS CORRIENTES,26036
3.PRODUCTO,5.ACTIVIDAD,5,0,6,0,6,8,5.GASTOS CORRIENTES,0
3.PRODUCTO,5.ACTIVIDAD,6,0,6,0,6,9,5.GASTOS CORRIENTES,1500
3.PRODUCTO,5.ACTIVIDAD,18,0,38,0,40,55,5.GASTOS CORRIENTES,39015
3.PRODUCTO,5.ACTIVIDAD,4,0,6,0,6,7,5.GASTOS CORRIENTES,2196
3.PRODUCTO,5.ACTIVIDAD,25,0,4,0,4,62,5.GASTOS CORRIENTES,10734
3.PRODUCTO,5.ACTIVIDAD,19,0,6,0,6,22,5.GASTOS CORRIENTES,0
3.PRODUCTO,5.ACTIVIDAD,1,0,0,0,0,3,5.GASTOS CORRIENTES,0
2.PROYECTO,6.ACCION DE INVERSION,1,0,0,0,0,79,6.GASTOS DE CAPITAL,0
3.PRODUCTO,5.ACTIVIDAD,1,0,0,0,0,27,5.GASTOS CORRIENTES,0
3.PRODUCTO,5.ACTIVIDAD,24,0,0,0,0,61,5.GASTOS CORRIENTES,2380
3.PRODUCTO,5.ACTIVIDAD,12,0,0,0,0,49,5.GASTOS CORRIENTES,69530
3.PRODUCTO,5.ACTIVIDAD,21,0,0,0,0,24,5.GASTOS CORRIENTES,56
3.PRODUCTO,5.ACTIVIDAD,23,0,0,0,0,60,5.GASTOS CORRIENTES,9217
3.PRODUCTO,5.ACTIVIDAD,23,0,0,0,0,60,5.GASTOS CORRIENTES,32037
3.PRODUCTO,5.ACTIVIDAD,21,0,0,0,0,58,5.GASTOS CORRIENTES,13520
3.PRODUCTO,5.ACTIVIDAD,11,0,0,0,0,48,5.GASTOS CORRIENTES,9518
3.PRODUCTO,5.ACTIVIDAD,6,0,0,0,0,43,5.GASTOS CORRIENTES,36696
3.PRODUCTO,5.ACTIVIDAD,6,0,0,0,0,43,5.GASTOS CORRIENTES,5439
3.PRODUCTO,5.ACTIVIDAD,3,0,0,0,0,6,5.GASTOS CORRIENTES,629
3.PRODUCTO,5.ACTIVIDAD,24,0,0,0,0,61,5.GASTOS CORRIENTES,3863
3.PRODUCTO,5.ACTIVIDAD,7,0,0,0,0,44,5.GASTOS CORRIENTES,3846
3.PRODUCTO,5.ACTIVIDAD,12,0,0,0,0,15,5.GASTOS CORRIENTES,5446
3.PRODUCTO,5.ACTIVIDAD,2,0,0,0,0,5,5.GASTOS CORRIENTES,56
3.PRODUCTO,5.ACTIVIDAD,8,0,0,0,0,36,6.GASTOS DE CAPITAL,130000
3.PRODUCTO,5.ACTIVIDAD,13,0,0,0,0,16,5.GASTOS CORRIENTES,230
3.PRODUCTO,5.ACTIVIDAD,14,0,0,0,0,51,5.GASTOS CORRIENTES,13680
3.PRODUCTO,5.ACTIVIDAD,9,0,0,0,0,46,5.GASTOS CORRIENTES,85
3.PRODUCTO,5.ACTIVIDAD,7,0,0,0,0,44,5.GASTOS CORRIENTES,2569
3.PRODUCTO,5.ACTIVIDAD,22,0,0,0,0,59,5.GASTOS CORRIENTES,5794
3.PRODUCTO,5.ACTIVIDAD,15,0,0,0,0,52,5.GASTOS CORRIENTES,108
3.PRODUCTO,5.ACTIVIDAD,11,0,0,0,0,48,5.GASTOS CORRIENTES,45668
3.PRODUCTO,5.ACTIVIDAD,9,0,0,0,0,46,5.GASTOS CORRIENTES,13680
3.PRODUCTO,5.ACTIVIDAD,23,0,61,0,61,60,5.GASTOS CORRIENTES,94513
3.PRODUCTO,5.ACTIVIDAD,19,0,6,0,6,22,5.GASTOS CORRIENTES,0
3.PRODUCTO,5.ACTIVIDAD,10,0,6,0,6,13,5.GASTOS CORRIENTES,0
3.PRODUCTO,5.ACTIVIDAD,16,0,0,0,0,76,6.GASTOS DE CAPITAL,0
3.PRODUCTO,5.ACTIVIDAD,12,0,51,0,51,49,5.GASTOS CORRIENTES,878532
3.PRODUCTO,5.ACTIVIDAD,3,0,0,0,0,40,5.GASTOS CORRIENTES,1614000
3.PRODUCTO,5.ACTIVIDAD,13,0,41,0,41,50,5.GASTOS CORRIENTES,16800
3.PRODUCTO,5.ACTIVIDAD,23,0,61,0,61,60,5.GASTOS CORRIENTES,43500
3.PRODUCTO,5.ACTIVIDAD,3,0,6,0,6,6,5.GASTOS CORRIENTES,613
3.PRODUCTO,5.ACTIVIDAD,12,0,51,0,51,49,5.GASTOS CORRIENTES,1620000
3.PRODUCTO,5.ACTIVIDAD,11,0,6,0,6,14,5.GASTOS CORRIENTES,0
3.PRODUCTO,5.ACTIVIDAD,19,0,6,0,6,22,5.GASTOS CORRIENTES,3617
3.PRODUCTO,5.ACTIVIDAD,8,0,32,0,32,45,5.GASTOS CORRIENTES,49581
3.PRODUCTO,5.ACTIVIDAD,4,0,6,0,6,7,5.GASTOS CORRIENTES,1840
3.PRODUCTO,5.ACTIVIDAD,10,0,6,0,6,13,5.GASTOS CORRIENTES,4505
3.PRODUCTO,5.ACTIVIDAD,24,0,4,0,4,61,5.GASTOS CORRIENTES,5492
3.PRODUCTO,5.ACTIVIDAD,1,0,6,0,6,4,5.GASTOS CORRIENTES,350500
3.PRODUCTO,5.ACTIVIDAD,1,0,6,0,6,27,5.GASTOS CORRIENTES,140050
3.PRODUCTO,5.ACTIVIDAD,5,0,6,0,6,8,5.GASTOS CORRIENTES,383
3.PRODUCTO,5.ACTIVIDAD,14,0,6,0,6,17,5.GASTOS CORRIENTES,9332
3.PRODUCTO,5.ACTIVIDAD,13,0,6,0,6,16,5.GASTOS CORRIENTES,0
3.PRODUCTO,5.ACTIVIDAD,17,0,6,0,6,20,5.GASTOS CORRIENTES,470
3.PRODUCTO,5.ACTIVIDAD,13,0,0,0,0,68,6.GASTOS DE CAPITAL,0
3.PRODUCTO,5.ACTIVIDAD,16,0,6,0,6,19,5.GASTOS CORRIENTES,1058
3.PRODUCTO,5.ACTIVIDAD,1,0,6,0,6,2,5.GASTOS CORRIENTES,551445
3.PRODUCTO,5.ACTIVIDAD,7,0,17,0,17,44,5.GASTOS CORRIENTES,8400
3.PRODUCTO,5.ACTIVIDAD,5,0,18,0,19,42,5.GASTOS CORRIENTES,46378
3.PRODUCTO,5.ACTIVIDAD,4,0,6,0,6,7,5.GASTOS CORRIENTES,8057
3.PRODUCTO,5.ACTIVIDAD,12,0,51,0,51,49,5.GASTOS CORRIENTES,13088
3.PRODUCTO,5.ACTIVIDAD,4,0,6,0,6,7,5.GASTOS CORRIENTES,168000
3.PRODUCTO,5.ACTIVIDAD,25,0,4,0,4,62,5.GASTOS CORRIENTES,0
3.PRODUCTO,5.ACTIVIDAD,18,0,38,0,40,55,6.GASTOS DE CAPITAL,0
3.PRODUCTO,5.ACTIVIDAD,11,0,63,0,63,48,5.GASTOS CORRIENTES,45041
3.PRODUCTO,5.ACTIVIDAD,16,0,1,0,1,53,5.GASTOS CORRIENTES,0
3.PRODUCTO,5.ACTIVIDAD,4,0,6,0,6,7,5.GASTOS CORRIENTES,533
3.PRODUCTO,5.ACTIVIDAD,17,0,6,0,6,20,5.GASTOS CORRIENTES,0
3.PRODUCTO,5.ACTIVIDAD,15,0,10,0,10,52,5.GASTOS CORRIENTES,0
3.PRODUCTO,5.ACTIVIDAD,1,0,6,0,6,4,5.GASTOS CORRIENTES,971753
3.PRODUCTO,5.ACTIVIDAD,21,0,9,0,9,58,5.GASTOS CORRIENTES,7942
3.PRODUCTO,5.ACTIVIDAD,5,0,18,0,19,42,5.GASTOS CORRIENTES,0
3.PRODUCTO,5.ACTIVIDAD,3,0,0,0,0,40,5.GASTOS CORRIENTES,0
3.PRODUCTO,5.ACTIVIDAD,15,0,6,0,6,18,5.GASTOS CORRIENTES,165
3.PRODUCTO,5.ACTIVIDAD,8,0,6,0,6,11,5.GASTOS CORRIENTES,2333
3.PRODUCTO,5.ACTIVIDAD,7,0,6,0,6,10,5.GASTOS CORRIENTES,1150
3.PRODUCTO,5.ACTIVIDAD,23,0,61,0,61,60,5.GASTOS CORRIENTES,28200
3.PRODUCTO,5.ACTIVIDAD,10,0,6,0,6,13,5.GASTOS CORRIENTES,2808
3.PRODUCTO,5.ACTIVIDAD,19,0,2,0,2,56,5.GASTOS CORRIENTES,2871
3.PRODUCTO,5.ACTIVIDAD,14,0,6,0,6,17,5.GASTOS CORRIENTES,0
3.PRODUCTO,5.ACTIVIDAD,16,0,6,0,6,19,5.GASTOS CORRIENTES,2090
3.PRODUCTO,5.ACTIVIDAD,8,0,6,0,6,11,5.GASTOS CORRIENTES,79114
3.PRODUCTO,5.ACTIVIDAD,10,0,20,0,20,47,5.GASTOS CORRIENTES,96000
3.PRODUCTO,5.ACTIVIDAD,3,0,6,0,6,6,5.GASTOS CORRIENTES,0
3.PRODUCTO,5.ACTIVIDAD,22,0,6,0,6,25,5.GASTOS CORRIENTES,0
3.PRODUCTO,5.ACTIVIDAD,1,0,6,0,6,4,5.GASTOS CORRIENTES,4487
3.PRODUCTO,5.ACTIVIDAD,14,0,6,0,6,17,5.GASTOS CORRIENTES,4140
3.PRODUCTO,5.ACTIVIDAD,13,0,41,0,41,50,5.GASTOS CORRIENTES,43250
3.PRODUCTO,5.ACTIVIDAD,1,0,6,0,6,4,5.GASTOS CORRIENTES,0
3.PRODUCTO,5.ACTIVIDAD,8,0,32,0,32,45,5.GASTOS CORRIENTES,29996
3.PRODUCTO,5.ACTIVIDAD,10,0,20,0,20,47,5.GASTOS CORRIENTES,0
3.PRODUCTO,5.ACTIVIDAD,18,0,38,0,40,55,5.GASTOS CORRIENTES,828000
3.PRODUCTO,5.ACTIVIDAD,9,0,19,0,19,46,5.GASTOS CORRIENTES,32989
3.PRODUCTO,5.ACTIVIDAD,24,0,4,0,4,61,5.GASTOS CORRIENTES,0
3.PRODUCTO,5.ACTIVIDAD,8,0,6,0,6,11,5.GASTOS CORRIENTES,726
3.PRODUCTO,5.ACTIVIDAD,14,0,6,0,6,17,5.GASTOS CORRIENTES,52000
3.PRODUCTO,5.ACTIVIDAD,1,0,6,0,6,2,5.GASTOS CORRIENTES,0
3.PRODUCTO,5.ACTIVIDAD,12,0,6,0,6,15,5.GASTOS CORRIENTES,0
3.PRODUCTO,5.ACTIVIDAD,4,0,16,0,16,41,5.GASTOS CORRIENTES,27996
3.PRODUCTO,5.ACTIVIDAD,12,0,51,0,51,49,5.GASTOS CORRIENTES,5443
3.PRODUCTO,5.ACTIVIDAD,23,0,61,0,61,60,5.GASTOS CORRIENTES,7706
3.PRODUCTO,5.ACTIVIDAD,9,0,19,0,19,46,5.GASTOS CORRIENTES,1944
3.PRODUCTO,5.ACTIVIDAD,13,0,6,0,6,16,5.GASTOS CORRIENTES,0
3.PRODUCTO,5.ACTIVIDAD,1,0,6,0,6,28,5.GASTOS CORRIENTES,0
3.PRODUCTO,5.ACTIVIDAD,9,0,6,0,6,12,5.GASTOS CORRIENTES,0
3.PRODUCTO,5.ACTIVIDAD,8,0,6,0,6,11,5.GASTOS CORRIENTES,0
3.PRODUCTO,5.ACTIVIDAD,21,0,6,0,6,24,5.GASTOS CORRIENTES,1533
3.PRODUCTO,5.ACTIVIDAD,1,0,6,0,6,28,5.GASTOS CORRIENTES,4000
3.PRODUCTO,5.ACTIVIDAD,26,0,6,0,6,63,5.GASTOS CORRIENTES,513
3.PRODUCTO,5.ACTIVIDAD,1,0,6,0,6,2,5.GASTOS CORRIENTES,13998
3.PRODUCTO,5.ACTIVIDAD,17,0,6,0,6,20,5.GASTOS CORRIENTES,108000
3.PRODUCTO,5.ACTIVIDAD,3,0,6,0,6,6,5.GASTOS CORRIENTES,153
3.PRODUCTO,5.ACTIVIDAD,20,0,6,0,6,23,5.GASTOS CORRIENTES,1328
3.PRODUCTO,5.ACTIVIDAD,1,0,6,0,6,28,5.GASTOS CORRIENTES,0
3.PRODUCTO,5.ACTIVIDAD,16,0,6,0,6,19,5.GASTOS CORRIENTES,121346
3.PRODUCTO,5.ACTIVIDAD,11,0,63,0,63,48,5.GASTOS CORRIENTES,672421
3.PRODUCTO,5.ACTIVIDAD,13,0,41,0,41,50,5.GASTOS CORRIENTES,0
3.PRODUCTO,5.ACTIVIDAD,25,0,4,0,4,62,5.GASTOS CORRIENTES,1359
3.PRODUCTO,5.ACTIVIDAD,1,0,6,0,6,4,5.GASTOS CORRIENTES,681344
3.PRODUCTO,5.ACTIVIDAD,15,0,10,0,10,52,5.GASTOS CORRIENTES,252000
3.PRODUCTO,5.ACTIVIDAD,20,0,6,0,6,23,5.GASTOS CORRIENTES,751
3.PRODUCTO,5.ACTIVIDAD,21,0,6,0,6,24,5.GASTOS CORRIENTES,460
3.PRODUCTO,5.ACTIVIDAD,10,0,20,0,20,47,5.GASTOS CORRIENTES,392905
3.PRODUCTO,5.ACTIVIDAD,7,0,6,0,6,10,5.GASTOS CORRIENTES,0
3.PRODUCTO,5.ACTIVIDAD,18,0,6,0,6,21,5.GASTOS CORRIENTES,690
3.PRODUCTO,5.ACTIVIDAD,22,0,12,0,12,59,5.GASTOS CORRIENTES,24684
3.PRODUCTO,5.ACTIVIDAD,1,0,40890,0,61303,38,5.GASTOS CORRIENTES,3000
3.PRODUCTO,5.ACTIVIDAD,5,0,6,0,6,8,5.GASTOS CORRIENTES,2300
3.PRODUCTO,5.ACTIVIDAD,22,0,12,0,12,59,5.GASTOS CORRIENTES,39150
3.PRODUCTO,5.ACTIVIDAD,1,0,6,0,6,3,5.GASTOS CORRIENTES,66377
3.PRODUCTO,5.ACTIVIDAD,5,0,6,0,6,8,5.GASTOS CORRIENTES,767
3.PRODUCTO,5.ACTIVIDAD,1,0,40890,0,61303,38,5.GASTOS CORRIENTES,2265
3.PRODUCTO,5.ACTIVIDAD,17,0,6,0,6,20,5.GASTOS CORRIENTES,200
3.PRODUCTO,5.ACTIVIDAD,14,0,6,0,6,17,5.GASTOS CORRIENTES,1073
3.PRODUCTO,5.ACTIVIDAD,21,0,9,0,9,58,5.GASTOS CORRIENTES,4998
3.PRODUCTO,5.ACTIVIDAD,19,0,6,0,6,22,5.GASTOS CORRIENTES,400
3.PRODUCTO,5.ACTIVIDAD,23,0,61,0,61,60,5.GASTOS CORRIENTES,0
3.PRODUCTO,5.ACTIVIDAD,18,0,6,0,6,21,5.GASTOS CORRIENTES,5829
3.PRODUCTO,5.ACTIVIDAD,24,0,4,0,4,61,5.GASTOS CORRIENTES,1309
3.PRODUCTO,5.ACTIVIDAD,1,0,6,0,6,27,5.GASTOS CORRIENTES,0
3.PRODUCTO,5.ACTIVIDAD,5,0,6,0,6,8,5.GASTOS CORRIENTES,3291
3.PRODUCTO,5.ACTIVIDAD,11,0,63,0,63,48,5.GASTOS CORRIENTES,125982
3.PRODUCTO,5.ACTIVIDAD,7,0,17,0,17,44,5.GASTOS CORRIENTES,0
3.PRODUCTO,5.ACTIVIDAD,23,0,61,0,61,60,5.GASTOS CORRIENTES,0
3.PRODUCTO,5.ACTIVIDAD,12,0,6,0,6,15,5.GASTOS CORRIENTES,200
3.PRODUCTO,5.ACTIVIDAD,10,0,20,0,20,47,5.GASTOS CORRIENTES,14498
3.PRODUCTO,5.ACTIVIDAD,17,0,1,0,1,54,5.GASTOS CORRIENTES,109
3.PRODUCTO,5.ACTIVIDAD,8,0,32,0,32,45,5.GASTOS CORRIENTES,23197
3.PRODUCTO,5.ACTIVIDAD,24,0,4,0,4,61,5.GASTOS CORRIENTES,0
3.PRODUCTO,5.ACTIVIDAD,22,0,12,0,12,59,5.GASTOS CORRIENTES,155
3.PRODUCTO,5.ACTIVIDAD,9,0,6,0,6,12,5.GASTOS CORRIENTES,36000
3.PRODUCTO,5.ACTIVIDAD,1,0,6,0,6,27,5.GASTOS CORRIENTES,2101
3.PRODUCTO,5.ACTIVIDAD,10,0,6,0,6,13,5.GASTOS CORRIENTES,4965
3.PRODUCTO,5.ACTIVIDAD,1,0,6,0,6,4,5.GASTOS CORRIENTES,2658
3.PRODUCTO,5.ACTIVIDAD,21,0,9,0,9,58,5.GASTOS CORRIENTES,0
3.PRODUCTO,5.ACTIVIDAD,1,0,6,0,6,4,5.GASTOS CORRIENTES,36107
3.PRODUCTO,5.ACTIVIDAD,13,0,6,0,6,16,5.GASTOS CORRIENTES,1790
3.PRODUCTO,5.ACTIVIDAD,7,0,17,0,17,44,5.GASTOS CORRIENTES,4573
3.PRODUCTO,5.ACTIVIDAD,11,0,6,0,6,14,5.GASTOS CORRIENTES,3833
3.PRODUCTO,5.ACTIVIDAD,8,0,32,0,32,45,5.GASTOS CORRIENTES,387248
3.PRODUCTO,5.ACTIVIDAD,1,0,6,0,6,28,6.GASTOS DE CAPITAL,0
3.PRODUCTO,5.ACTIVIDAD,6,0,6,0,6,9,5.GASTOS CORRIENTES,0
3.PRODUCTO,5.ACTIVIDAD,18,0,38,0,40,55,5.GASTOS CORRIENTES,0
3.PRODUCTO,5.ACTIVIDAD,24,0,4,0,4,61,5.GASTOS CORRIENTES,0
3.PRODUCTO,5.ACTIVIDAD,20,0,6,0,6,23,5.GASTOS CORRIENTES,600
3.PRODUCTO,5.ACTIVIDAD,8,0,32,0,32,45,5.GASTOS CORRIENTES,0
3.PRODUCTO,5.ACTIVIDAD,24,0,4,0,4,61,5.GASTOS CORRIENTES,16000
2.PROYECTO,6.ACCION DE INVERSION,1,0,1,0,1,69,6.GASTOS DE CAPITAL,0
3.PRODUCTO,5.ACTIVIDAD,17,0,1,0,1,54,5.GASTOS CORRIENTES,5260
3.PRODUCTO,5.ACTIVIDAD,12,0,6,0,6,15,5.GASTOS CORRIENTES,108000
3.PRODUCTO,5.ACTIVIDAD,14,0,26,0,26,51,5.GASTOS CORRIENTES,3692
3.PRODUCTO,5.ACTIVIDAD,8,0,32,0,32,45,5.GASTOS CORRIENTES,0
3.PRODUCTO,5.ACTIVIDAD,21,0,6,0,6,24,5.GASTOS CORRIENTES,24000
3.PRODUCTO,5.ACTIVIDAD,8,0,6,0,6,11,5.GASTOS CORRIENTES,200
3.PRODUCTO,5.ACTIVIDAD,1,0,6,0,6,28,5.GASTOS CORRIENTES,0
3.PRODUCTO,5.ACTIVIDAD,10,0,20,0,20,47,5.GASTOS CORRIENTES,39661
3.PRODUCTO,5.ACTIVIDAD,4,0,16,0,16,41,5.GASTOS CORRIENTES,0
3.PRODUCTO,5.ACTIVIDAD,3,0,6,0,6,6,5.GASTOS CORRIENTES,333
3.PRODUCTO,5.ACTIVIDAD,8,0,6,0,6,11,5.GASTOS CORRIENTES,0
3.PRODUCTO,5.ACTIVIDAD,1,0,6,0,6,3,5.GASTOS CORRIENTES,10000
3.PRODUCTO,5.ACTIVIDAD,21,0,6,0,6,24,5.GASTOS CORRIENTES,104871
3.PRODUCTO,5.ACTIVIDAD,22,0,12,0,12,59,5.GASTOS CORRIENTES,4403
3.PRODUCTO,5.ACTIVIDAD,21,0,9,0,9,58,5.GASTOS CORRIENTES,808
3.PRODUCTO,5.ACTIVIDAD,5,0,6,0,6,8,5.GASTOS CORRIENTES,4861
3.PRODUCTO,5.ACTIVIDAD,6,0,36,0,36,43,5.GASTOS CORRIENTES,1188000
3.PRODUCTO,5.ACTIVIDAD,7,0,6,0,6,10,5.GASTOS CORRIENTES,893
3.PRODUCTO,5.ACTIVIDAD,7,0,17,0,17,44,5.GASTOS CORRIENTES,42152
3.PRODUCTO,5.ACTIVIDAD,20,0,6,0,6,23,5.GASTOS CORRIENTES,2223
3.PRODUCTO,5.ACTIVIDAD,14,0,6,0,6,17,5.GASTOS CORRIENTES,9148
3.PRODUCTO,5.ACTIVIDAD,3,0,6,0,6,6,5.GASTOS CORRIENTES,30000
3.PRODUCTO,5.ACTIVIDAD,7,0,17,0,17,44,5.GASTOS CORRIENTES,26340
3.PRODUCTO,5.ACTIVIDAD,12,0,51,0,51,49,5.GASTOS CORRIENTES,15300
3.PRODUCTO,5.ACTIVIDAD,21,0,6,0,6,24,5.GASTOS CORRIENTES,1656
3.PRODUCTO,5.ACTIVIDAD,23,0,61,0,61,60,5.GASTOS CORRIENTES,109651
3.PRODUCTO,5.ACTIVIDAD,23,0,61,0,61,60,5.GASTOS CORRIENTES,1109681
3.PRODUCTO,5.ACTIVIDAD,25,0,4,0,4,62,5.GASTOS CORRIENTES,274
3.PRODUCTO,5.ACTIVIDAD,13,0,6,0,6,16,5.GASTOS CORRIENTES,36000
3.PRODUCTO,5.ACTIVIDAD,14,0,6,0,6,17,5.GASTOS CORRIENTES,14820
3.PRODUCTO,5.ACTIVIDAD,26,0,6,0,6,63,5.GASTOS CORRIENTES,9296
3.PRODUCTO,5.ACTIVIDAD,18,0,38,0,40,55,5.GASTOS CORRIENTES,1445624
3.PRODUCTO,5.ACTIVIDAD,22,0,6,0,6,25,5.GASTOS CORRIENTES,419492
3.PRODUCTO,5.ACTIVIDAD,13,0,0,0,0,50,5.GASTOS CORRIENTES,0
3.PRODUCTO,5.ACTIVIDAD,16,0,0,0,0,19,5.GASTOS CORRIENTES,1496
3.PRODUCTO,5.ACTIVIDAD,21,0,0,0,0,58,5.GASTOS CORRIENTES,541
3.PRODUCTO,5.ACTIVIDAD,6,0,0,0,0,43,5.GASTOS CORRIENTES,1288
3.PRODUCTO,5.ACTIVIDAD,13,0,0,0,0,16,5.GASTOS CORRIENTES,1496
3.PRODUCTO,5.ACTIVIDAD,12,0,0,0,0,49,5.GASTOS CORRIENTES,21277
3.PRODUCTO,5.ACTIVIDAD,13,0,0,0,0,50,5.GASTOS CORRIENTES,46352
3.PRODUCTO,5.ACTIVIDAD,6,0,0,0,0,43,5.GASTOS CORRIENTES,20526
3.PRODUCTO,5.ACTIVIDAD,21,0,0,0,0,24,5.GASTOS CORRIENTES,14400
3.PRODUCTO,5.ACTIVIDAD,1,0,0,0,0,1,5.GASTOS CORRIENTES,2000
3.PRODUCTO,5.ACTIVIDAD,22,0,0,0,0,59,5.GASTOS CORRIENTES,3420
3.PRODUCTO,5.ACTIVIDAD,1,0,0,0,0,1,5.GASTOS CORRIENTES,1760
3.PRODUCTO,5.ACTIVIDAD,22,0,0,0,0,59,5.GASTOS CORRIENTES,1511
3.PRODUCTO,5.ACTIVIDAD,16,0,6,0,6,19,5.GASTOS CORRIENTES,808
3.PRODUCTO,5.ACTIVIDAD,16,0,6,0,6,19,5.GASTOS CORRIENTES,1572
3.PRODUCTO,5.ACTIVIDAD,26,0,6,0,6,63,5.GASTOS CORRIENTES,0
3.PRODUCTO,5.ACTIVIDAD,17,0,1,0,1,54,5.GASTOS CORRIENTES,0
3.PRODUCTO,5.ACTIVIDAD,6,0,6,0,6,9,5.GASTOS CORRIENTES,0
3.PRODUCTO,5.ACTIVIDAD,22,0,12,0,12,59,5.GASTOS CORRIENTES,288000
3.PRODUCTO,5.ACTIVIDAD,20,0,2,0,2,57,5.GASTOS CORRIENTES,201
3.PRODUCTO,5.ACTIVIDAD,22,0,6,0,6,25,5.GASTOS CORRIENTES,0
3.PRODUCTO,5.ACTIVIDAD,26,0,6,0,6,63,5.GASTOS CORRIENTES,72000
3.PRODUCTO,5.ACTIVIDAD,1,0,40890,0,61303,38,5.GASTOS CORRIENTES,516000
3.PRODUCTO,5.ACTIVIDAD,18,0,6,0,6,21,5.GASTOS CORRIENTES,9353
3.PRODUCTO,5.ACTIVIDAD,26,0,6,0,6,63,5.GASTOS CORRIENTES,12000
3.PRODUCTO,5.ACTIVIDAD,5,0,18,0,19,42,5.GASTOS CORRIENTES,7800
3.PRODUCTO,5.ACTIVIDAD,19,0,2,0,2,56,5.GASTOS CORRIENTES,5101
3.PRODUCTO,5.ACTIVIDAD,21,0,9,0,9,58,5.GASTOS CORRIENTES,5400
3.PRODUCTO,5.ACTIVIDAD,11,0,63,0,63,48,5.GASTOS CORRIENTES,34984
3.PRODUCTO,5.ACTIVIDAD,21,0,9,0,9,58,5.GASTOS CORRIENTES,5254
3.PRODUCTO,5.ACTIVIDAD,27,0,6,0,6,64,5.GASTOS CORRIENTES,1614945
3.PRODUCTO,5.ACTIVIDAD,25,0,4,0,4,62,5.GASTOS CORRIENTES,0
3.PRODUCTO,5.ACTIVIDAD,14,0,26,0,26,51,5.GASTOS CORRIENTES,600
3.PRODUCTO,5.ACTIVIDAD,9,0,6,0,6,12,5.GASTOS CORRIENTES,205
3.PRODUCTO,5.ACTIVIDAD,12,0,6,0,6,15,5.GASTOS CORRIENTES,976
3.PRODUCTO,5.ACTIVIDAD,3,0,6,0,6,6,5.GASTOS CORRIENTES,300
3.PRODUCTO,5.ACTIVIDAD,17,0,1,0,1,54,5.GASTOS CORRIENTES,0
3.PRODUCTO,5.ACTIVIDAD,21,0,9,0,9,58,5.GASTOS CORRIENTES,0
3.PRODUCTO,5.ACTIVIDAD,22,0,6,0,6,25,5.GASTOS CORRIENTES,0
3.PRODUCTO,5.ACTIVIDAD,1,0,6,0,6,2,5.GASTOS CORRIENTES,0
3.PRODUCTO,5.ACTIVIDAD,17,0,1,0,1,54,5.GASTOS CORRIENTES,0
3.PRODUCTO,5.ACTIVIDAD,6,0,36,0,36,43,5.GASTOS CORRIENTES,0
3.PRODUCTO,5.ACTIVIDAD,15,0,10,0,10,52,5.GASTOS CORRIENTES,9000
3.PRODUCTO,5.ACTIVIDAD,7,0,6,0,6,10,5.GASTOS CORRIENTES,121346
3.PRODUCTO,5.ACTIVIDAD,17,0,6,0,6,20,5.GASTOS CORRIENTES,28518
3.PRODUCTO,5.ACTIVIDAD,21,0,9,0,9,58,5.GASTOS CORRIENTES,0
3.PRODUCTO,5.ACTIVIDAD,16,0,1,0,1,53,5.GASTOS CORRIENTES,42204
3.PRODUCTO,5.ACTIVIDAD,7,0,17,0,17,44,5.GASTOS CORRIENTES,0
3.PRODUCTO,5.ACTIVIDAD,21,0,6,0,6,24,5.GASTOS CORRIENTES,230
3.PRODUCTO,5.ACTIVIDAD,7,0,17,0,17,44,5.GASTOS CORRIENTES,0
3.PRODUCTO,5.ACTIVIDAD,4,0,6,0,6,7,5.GASTOS CORRIENTES,121347
3.PRODUCTO,5.ACTIVIDAD,6,0,36,0,36,43,5.GASTOS CORRIENTES,483771
3.PRODUCTO,5.ACTIVIDAD,8,0,32,0,32,45,5.GASTOS CORRIENTES,2737
3.PRODUCTO,5.ACTIVIDAD,14,0,26,0,26,51,6.GASTOS DE CAPITAL,0
3.PRODUCTO,5.ACTIVIDAD,11,0,6,0,6,14,5.GASTOS CORRIENTES,34037
3.PRODUCTO,5.ACTIVIDAD,24,0,4,0,4,61,5.GASTOS CORRIENTES,6198
3.PRODUCTO,5.ACTIVIDAD,3,0,6,0,6,6,5.GASTOS CORRIENTES,1840
3.PRODUCTO,5.ACTIVIDAD,10,0,6,0,6,13,5.GASTOS CORRIENTES,121346
3.PRODUCTO,5.ACTIVIDAD,15,0,6,0,6,18,5.GASTOS CORRIENTES,414
3.PRODUCTO,5.ACTIVIDAD,14,0,6,0,6,17,5.GASTOS CORRIENTES,400
3.PRODUCTO,5.ACTIVIDAD,4,0,6,0,6,7,5.GASTOS CORRIENTES,98431
3.PRODUCTO,5.ACTIVIDAD,14,0,6,0,6,17,5.GASTOS CORRIENTES,1199
3.PRODUCTO,5.ACTIVIDAD,20,0,2,0,2,57,5.GASTOS CORRIENTES,1001
3.PRODUCTO,5.ACTIVIDAD,11,0,63,0,63,48,5.GASTOS CORRIENTES,650330
3.PRODUCTO,5.ACTIVIDAD,14,0,26,0,26,51,5.GASTOS CORRIENTES,576000
3.PRODUCTO,5.ACTIVIDAD,4,0,16,0,16,41,5.GASTOS CORRIENTES,481611
3.PRODUCTO,5.ACTIVIDAD,4,0,16,0,16,41,5.GASTOS CORRIENTES,9980
3.PRODUCTO,5.ACTIVIDAD,7,0,17,0,17,44,5.GASTOS CORRIENTES,98
3.PRODUCTO,5.ACTIVIDAD,10,0,20,0,20,47,5.GASTOS CORRIENTES,0
3.PRODUCTO,5.ACTIVIDAD,15,0,10,0,10,52,5.GASTOS CORRIENTES,13625
3.PRODUCTO,5.ACTIVIDAD,5,0,6,0,6,8,5.GASTOS CORRIENTES,0
3.PRODUCTO,5.ACTIVIDAD,1,0,6,0,6,4,5.GASTOS CORRIENTES,0
3.PRODUCTO,5.ACTIVIDAD,1,0,6,0,6,4,5.GASTOS CORRIENTES,0
3.PRODUCTO,5.ACTIVIDAD,26,0,6,0,6,63,5.GASTOS CORRIENTES,1565
3.PRODUCTO,5.ACTIVIDAD,20,0,2,0,2,57,5.GASTOS CORRIENTES,0
3.PRODUCTO,5.ACTIVIDAD,1,0,6,0,6,3,5.GASTOS CORRIENTES,0
3.PRODUCTO,5.ACTIVIDAD,4,0,16,0,16,41,5.GASTOS CORRIENTES,0
3.PRODUCTO,5.ACTIVIDAD,6,0,6,0,6,9,5.GASTOS CORRIENTES,108000
3.PRODUCTO,5.ACTIVIDAD,24,0,4,0,4,61,5.GASTOS CORRIENTES,0
3.PRODUCTO,5.ACTIVIDAD,22,0,12,0,12,59,5.GASTOS CORRIENTES,0
3.PRODUCTO,5.ACTIVIDAD,14,0,26,0,26,51,5.GASTOS CORRIENTES,0
3.PRODUCTO,5.ACTIVIDAD,18,0,6,0,6,21,5.GASTOS CORRIENTES,1220
3.PRODUCTO,5.ACTIVIDAD,16,0,1,0,1,53,5.GASTOS CORRIENTES,0
3.PRODUCTO,5.ACTIVIDAD,1,0,6,0,6,4,5.GASTOS CORRIENTES,87194
3.PRODUCTO,5.ACTIVIDAD,11,0,6,0,6,14,5.GASTOS CORRIENTES,0
3.PRODUCTO,5.ACTIVIDAD,13,0,6,0,6,16,5.GASTOS CORRIENTES,0
3.PRODUCTO,5.ACTIVIDAD,2,0,6,0,6,5,5.GASTOS CORRIENTES,2877
3.PRODUCTO,5.ACTIVIDAD,3,0,6,0,6,6,5.GASTOS CORRIENTES,2691
3.PRODUCTO,5.ACTIVIDAD,8,0,32,0,32,45,5.GASTOS CORRIENTES,18600
3.PRODUCTO,5.ACTIVIDAD,2,0,6,0,6,5,5.GASTOS CORRIENTES,79114
3.PRODUCTO,5.ACTIVIDAD,11,0,6,0,6,14,5.GASTOS CORRIENTES,36000
3.PRODUCTO,5.ACTIVIDAD,9,0,19,0,19,46,5.GASTOS CORRIENTES,83141
3.PRODUCTO,5.ACTIVIDAD,15,0,6,0,6,18,5.GASTOS CORRIENTES,4666
3.PRODUCTO,5.ACTIVIDAD,13,0,6,0,6,16,5.GASTOS CORRIENTES,1809
3.PRODUCTO,5.ACTIVIDAD,12,0,6,0,6,15,5.GASTOS CORRIENTES,799
3.PRODUCTO,5.ACTIVIDAD,23,0,61,0,61,60,5.GASTOS CORRIENTES,113834
3.PRODUCTO,5.ACTIVIDAD,17,0,1,0,1,54,5.GASTOS CORRIENTES,1505
3.PRODUCTO,5.ACTIVIDAD,13,0,41,0,41,50,5.GASTOS CORRIENTES,86483
3.PRODUCTO,5.ACTIVIDAD,24,0,4,0,4,61,5.GASTOS CORRIENTES,0
3.PRODUCTO,5.ACTIVIDAD,10,0,20,0,20,47,5.GASTOS CORRIENTES,612000
3.PRODUCTO,5.ACTIVIDAD,21,0,6,0,6,24,5.GASTOS CORRIENTES,230
3.PRODUCTO,5.ACTIVIDAD,23,0,6,0,6,26,5.GASTOS CORRIENTES,40381
3.PRODUCTO,5.ACTIVIDAD,23,0,61,0,61,60,5.GASTOS CORRIENTES,0
3.PRODUCTO,5.ACTIVIDAD,26,0,6,0,6,63,5.GASTOS CORRIENTES,4349
3.PRODUCTO,5.ACTIVIDAD,16,0,6,0,6,19,5.GASTOS CORRIENTES,600
3.PRODUCTO,5.ACTIVIDAD,21,0,6,0,6,24,5.GASTOS CORRIENTES,0
3.PRODUCTO,5.ACTIVIDAD,12,0,6,0,6,15,5.GASTOS CORRIENTES,121346
3.PRODUCTO,5.ACTIVIDAD,5,0,18,0,19,42,5.GASTOS CORRIENTES,0
3.PRODUCTO,5.ACTIVIDAD,7,0,6,0,6,10,5.GASTOS CORRIENTES,383
3.PRODUCTO,5.ACTIVIDAD,9,0,19,0,19,46,5.GASTOS CORRIENTES,0
3.PRODUCTO,5.ACTIVIDAD,1,0,6,0,6,28,5.GASTOS CORRIENTES,0
3.PRODUCTO,5.ACTIVIDAD,23,0,61,0,61,60,5.GASTOS CORRIENTES,54078
3.PRODUCTO,5.ACTIVIDAD,9,0,19,0,19,46,5.GASTOS CORRIENTES,0
3.PRODUCTO,5.ACTIVIDAD,5,0,6,0,6,8,5.GASTOS CORRIENTES,36797
3.PRODUCTO,5.ACTIVIDAD,13,0,6,0,6,16,5.GASTOS CORRIENTES,3572
3.PRODUCTO,5.ACTIVIDAD,17,0,1,0,1,54,5.GASTOS CORRIENTES,555
3.PRODUCTO,5.ACTIVIDAD,14,0,26,0,26,51,5.GASTOS CORRIENTES,149
3.PRODUCTO,5.ACTIVIDAD,6,0,36,0,36,43,5.GASTOS CORRIENTES,84564
3.PRODUCTO,5.ACTIVIDAD,6,0,0,0,0,34,6.GASTOS DE CAPITAL,29000
3.PRODUCTO,5.ACTIVIDAD,1,0,6,0,6,4,6.GASTOS DE CAPITAL,0
3.PRODUCTO,5.ACTIVIDAD,1,0,6,0,6,4,5.GASTOS CORRIENTES,18000
3.PRODUCTO,5.ACTIVIDAD,10,0,6,0,6,13,5.GASTOS CORRIENTES,115
3.PRODUCTO,5.ACTIVIDAD,9,0,6,0,6,12,5.GASTOS CORRIENTES,121346
3.PRODUCTO,5.ACTIVIDAD,1,0,6,0,6,4,5.GASTOS CORRIENTES,2816373
3.PRODUCTO,5.ACTIVIDAD,12,0,51,0,51,49,5.GASTOS CORRIENTES,0
3.PRODUCTO,5.ACTIVIDAD,22,0,12,0,12,59,5.GASTOS CORRIENTES,0
3.PRODUCTO,5.ACTIVIDAD,5,0,18,0,19,42,5.GASTOS CORRIENTES,161556
3.PRODUCTO,5.ACTIVIDAD,18,0,38,0,40,55,5.GASTOS CORRIENTES,12430
3.PRODUCTO,5.ACTIVIDAD,24,0,4,0,4,61,5.GASTOS CORRIENTES,12283
3.PRODUCTO,5.ACTIVIDAD,16,0,6,0,6,19,5.GASTOS CORRIENTES,7980
3.PRODUCTO,5.ACTIVIDAD,27,0,6,0,6,64,5.GASTOS CORRIENTES,0
3.PRODUCTO,5.ACTIVIDAD,4,0,16,0,16,41,5.GASTOS CORRIENTES,287
3.PRODUCTO,5.ACTIVIDAD,7,0,6,0,6,10,5.GASTOS CORRIENTES,500
3.PRODUCTO,5.ACTIVIDAD,3,0,0,0,0,40,5.GASTOS CORRIENTES,15150
3.PRODUCTO,5.ACTIVIDAD,14,0,26,0,26,51,5.GASTOS CORRIENTES,9600
3.PRODUCTO,5.ACTIVIDAD,12,0,6,0,6,15,5.GASTOS CORRIENTES,966
3.PRODUCTO,5.ACTIVIDAD,3,0,0,0,0,40,5.GASTOS CORRIENTES,9000
3.PRODUCTO,5.ACTIVIDAD,9,0,19,0,19,46,5.GASTOS CORRIENTES,592547
3.PRODUCTO,5.ACTIVIDAD,26,0,6,0,6,63,5.GASTOS CORRIENTES,21670
3.PRODUCTO,5.ACTIVIDAD,9,0,6,0,6,12,5.GASTOS CORRIENTES,2333
3.PRODUCTO,5.ACTIVIDAD,18,0,38,0,40,55,5.GASTOS CORRIENTES,0
3.PRODUCTO,5.ACTIVIDAD,14,0,6,0,6,17,5.GASTOS CORRIENTES,1150
3.PRODUCTO,5.ACTIVIDAD,12,0,6,0,6,15,5.GASTOS CORRIENTES,2333
3.PRODUCTO,5.ACTIVIDAD,18,0,38,0,40,55,5.GASTOS CORRIENTES,60150
3.PRODUCTO,5.ACTIVIDAD,8,0,6,0,6,11,5.GASTOS CORRIENTES,4204
3.PRODUCTO,5.ACTIVIDAD,9,0,6,0,6,12,5.GASTOS CORRIENTES,976
3.PRODUCTO,5.ACTIVIDAD,1,0,40890,0,61303,38,5.GASTOS CORRIENTES,900580
3.PRODUCTO,5.ACTIVIDAD,1,0,6,0,6,4,5.GASTOS CORRIENTES,100322
3.PRODUCTO,5.ACTIVIDAD,19,0,6,0,6,22,5.GASTOS CORRIENTES,414
3.PRODUCTO,5.ACTIVIDAD,3,0,6,0,6,6,5.GASTOS CORRIENTES,108000
3.PRODUCTO,5.ACTIVIDAD,14,0,6,0,6,17,5.GASTOS CORRIENTES,88748
3.PRODUCTO,5.ACTIVIDAD,1,0,6,0,6,2,5.GASTOS CORRIENTES,2080
3.PRODUCTO,5.ACTIVIDAD,23,0,6,0,6,26,5.GASTOS CORRIENTES,0
3.PRODUCTO,5.ACTIVIDAD,2,0,6,0,6,5,5.GASTOS CORRIENTES,0
3.PRODUCTO,5.ACTIVIDAD,7,0,17,0,17,44,5.GASTOS CORRIENTES,2181
3.PRODUCTO,5.ACTIVIDAD,1,0,6,0,6,2,5.GASTOS CORRIENTES,0
3.PRODUCTO,5.ACTIVIDAD,14,0,26,0,26,51,5.GASTOS CORRIENTES,26690
3.PRODUCTO,5.ACTIVIDAD,15,0,6,0,6,18,5.GASTOS CORRIENTES,0
3.PRODUCTO,5.ACTIVIDAD,11,0,6,0,6,14,5.GASTOS CORRIENTES,121346
3.PRODUCTO,5.ACTIVIDAD,14,0,26,0,26,51,5.GASTOS CORRIENTES,16435
3.PRODUCTO,5.ACTIVIDAD,11,0,6,0,6,14,5.GASTOS CORRIENTES,3800
3.PRODUCTO,5.ACTIVIDAD,11,0,63,0,63,48,5.GASTOS CORRIENTES,12000
3.PRODUCTO,5.ACTIVIDAD,13,0,41,0,41,50,5.GASTOS CORRIENTES,60427
3.PRODUCTO,5.ACTIVIDAD,7,0,17,0,17,44,5.GASTOS CORRIENTES,0
3.PRODUCTO,5.ACTIVIDAD,13,0,41,0,41,50,5.GASTOS CORRIENTES,28271
3.PRODUCTO,5.ACTIVIDAD,4,0,16,0,16,41,5.GASTOS CORRIENTES,14305
3.PRODUCTO,5.ACTIVIDAD,10,0,6,0,6,13,5.GASTOS CORRIENTES,3450
3.PRODUCTO,5.ACTIVIDAD,3,0,6,0,6,6,5.GASTOS CORRIENTES,0
3.PRODUCTO,5.ACTIVIDAD,4,0,16,0,16,41,5.GASTOS CORRIENTES,0
3.PRODUCTO,5.ACTIVIDAD,11,0,63,0,63,48,5.GASTOS CORRIENTES,16168
3.PRODUCTO,5.ACTIVIDAD,11,0,63,0,63,48,5.GASTOS CORRIENTES,0
3.PRODUCTO,5.ACTIVIDAD,19,0,2,0,2,56,5.GASTOS CORRIENTES,3010
3.PRODUCTO,5.ACTIVIDAD,14,0,6,0,6,17,5.GASTOS CORRIENTES,0
3.PRODUCTO,5.ACTIVIDAD,25,0,4,0,4,62,5.GASTOS CORRIENTES,540
3.PRODUCTO,5.ACTIVIDAD,6,0,36,0,36,43,5.GASTOS CORRIENTES,4890
3.PRODUCTO,5.ACTIVIDAD,16,0,6,0,6,19,5.GASTOS CORRIENTES,250
3.PRODUCTO,5.ACTIVIDAD,13,0,41,0,41,50,5.GASTOS CORRIENTES,84722
3.PRODUCTO,5.ACTIVIDAD,7,0,6,0,6,10,5.GASTOS CORRIENTES,1645
3.PRODUCTO,5.ACTIVIDAD,12,0,6,0,6,15,5.GASTOS CORRIENTES,14067
3.PRODUCTO,5.ACTIVIDAD,13,0,6,0,6,16,5.GASTOS CORRIENTES,11173
3.PRODUCTO,5.ACTIVIDAD,11,0,63,0,63,48,5.GASTOS CORRIENTES,0
3.PRODUCTO,5.ACTIVIDAD,3,0,0,0,0,40,5.GASTOS CORRIENTES,748390
3.PRODUCTO,5.ACTIVIDAD,21,0,0,0,0,58,6.GASTOS DE CAPITAL,0
3.PRODUCTO,5.ACTIVIDAD,21,0,0,0,0,58,6.GASTOS DE CAPITAL,0
2.PROYECTO,6.ACCION DE INVERSION,1,0,0,0,0,75,6.GASTOS DE CAPITAL,0
3.PRODUCTO,5.ACTIVIDAD,1,0,0,0,0,38,5.GASTOS CORRIENTES,315
3.PRODUCTO,5.ACTIVIDAD,23,0,0,0,0,26,5.GASTOS CORRIENTES,10444
3.PRODUCTO,5.ACTIVIDAD,11,0,0,0,0,14,5.GASTOS CORRIENTES,523
3.PRODUCTO,5.ACTIVIDAD,13,0,0,0,0,50,5.GASTOS CORRIENTES,161
3.PRODUCTO,5.ACTIVIDAD,6,0,0,0,0,43,5.GASTOS CORRIENTES,17968
3.PRODUCTO,5.ACTIVIDAD,4,0,0,0,0,41,5.GASTOS CORRIENTES,2115
3.PRODUCTO,5.ACTIVIDAD,16,0,0,0,0,19,5.GASTOS CORRIENTES,180
3.PRODUCTO,5.ACTIVIDAD,25,0,0,0,0,62,5.GASTOS CORRIENTES,2853
3.PRODUCTO,5.ACTIVIDAD,16,0,0,0,0,53,5.GASTOS CORRIENTES,151
3.PRODUCTO,5.ACTIVIDAD,5,0,0,0,0,42,5.GASTOS CORRIENTES,170
3.PRODUCTO,5.ACTIVIDAD,9,0,0,0,0,12,5.GASTOS CORRIENTES,320
3.PRODUCTO,5.ACTIVIDAD,5,0,0,0,0,8,5.GASTOS CORRIENTES,2991
3.PRODUCTO,5.ACTIVIDAD,26,0,0,0,0,63,5.GASTOS CORRIENTES,99
3.PRODUCTO,5.ACTIVIDAD,24,0,0,0,0,61,5.GASTOS CORRIENTES,6844
3.PRODUCTO,5.ACTIVIDAD,14,0,0,0,0,51,5.GASTOS CORRIENTES,4039
3.PRODUCTO,5.ACTIVIDAD,26,0,0,0,0,63,5.GASTOS CORRIENTES,76000
3.PRODUCTO,5.ACTIVIDAD,25,0,0,0,0,62,5.GASTOS CORRIENTES,5794
3.PRODUCTO,5.ACTIVIDAD,23,0,0,0,0,60,5.GASTOS CORRIENTES,5389
3.PRODUCTO,5.ACTIVIDAD,20,0,0,0,0,57,5.GASTOS CORRIENTES,302
3.PRODUCTO,5.ACTIVIDAD,5,0,0,0,0,42,5.GASTOS CORRIENTES,21245
3.PRODUCTO,5.ACTIVIDAD,13,0,0,0,0,16,5.GASTOS CORRIENTES,1620
3.PRODUCTO,5.ACTIVIDAD,3,0,0,0,0,40,5.GASTOS CORRIENTES,3384
3.PRODUCTO,5.ACTIVIDAD,1,0,0,0,0,4,5.GASTOS CORRIENTES,18236
3.PRODUCTO,5.ACTIVIDAD,24,0,0,0,0,61,5.GASTOS CORRIENTES,1137
3.PRODUCTO,5.ACTIVIDAD,10,0,0,0,0,47,5.GASTOS CORRIENTES,940
3.PRODUCTO,5.ACTIVIDAD,8,0,0,0,0,45,5.GASTOS CORRIENTES,4835
3.PRODUCTO,5.ACTIVIDAD,8,0,0,0,0,45,5.GASTOS CORRIENTES,1962
3.PRODUCTO,5.ACTIVIDAD,6,0,0,0,0,43,5.GASTOS CORRIENTES,26097
3.PRODUCTO,5.ACTIVIDAD,2,0,0,0,0,39,5.GASTOS CORRIENTES,15373
3.PRODUCTO,5.ACTIVIDAD,9,0,0,0,0,37,6.GASTOS DE CAPITAL,12112
3.PRODUCTO,5.ACTIVIDAD,14,0,0,0,0,17,5.GASTOS CORRIENTES,1496
3.PRODUCTO,5.ACTIVIDAD,21,0,0,0,0,58,5.GASTOS CORRIENTES,12779
3.PRODUCTO,5.ACTIVIDAD,17,0,0,0,0,54,5.GASTOS CORRIENTES,180
3.PRODUCTO,5.ACTIVIDAD,3,0,0,0,0,40,5.GASTOS CORRIENTES,31447
3.PRODUCTO,5.ACTIVIDAD,19,0,0,0,0,56,5.GASTOS CORRIENTES,2250
3.PRODUCTO,5.ACTIVIDAD,9,0,0,0,0,46,5.GASTOS CORRIENTES,5569